city,price
珑源一品,124.7
市变电所,124.7
新升,124.7
东昌村营业房至宜丰纺织厂片,124.7
新南,124.7
南山村,124.7
灵芝镇央茶湖村,124.7
稽山中学,124.7
上虞城西统包四组(待注销),124.7
雅张村,124.7
后梁村,124.7
东方银座,124.7
上英村,124.7
王泗洲村,124.7
积山村,124.7
轻纺城社区大唐支局统包一组,124.7
轻纺城社区大唐支局统包一组,124.7
风和苑,124.7
相公殿社区5统包二组,124.7
未落网格,124.7
前良村,124.7
黄山畈村,124.7
昌盛印染,124.7
唐家弄小区,124.7
天香西苑,124.7
徐芳-政企经理,124.7
皋埠镇原中心小学,124.7
瑞鑫针织,124.7
镇塘殿,124.7
金溪园,124.7
民生园,124.7
西山头村,124.7
泄峰村,124.7
世贸大厦,124.7
企石村,124.7
王晓燕-政企经理,124.7
巴厘岛假日酒店,124.7
寺西苑村,124.7
世纪之帆,124.7
戴望村,124.7
绍兴北站,124.7
长泰机械,124.7
奥体中心科技馆,124.7
双福村,124.7
谢塘村,124.7
新合村,124.7
南村东浦统包三组,124.7
梅园弄,124.7
纸板厂小区,124.7
龙珠花园,124.7
马家桥村,124.7
未落网格,124.7
世纪花城,124.7
牛皋社区,124.7
若耶商务楼,124.7
建欣汽车,124.7
丁严王联建小区,124.7
城东南别墅区,124.7
雅宅村,124.7
羊山纺机,124.7
科瑞化工,124.7
桂园新村,124.7
王劳军村,124.7
宣飞焱-客户经理,124.7
桥下村,124.7
都悦大厦,124.7
山前徐村,124.7
金通黄金海岸,124.7
南明花园,124.7
洪腾汽车,124.7
北联市场柯中统包四组,124.7
森海豪庭橡树园,124.7
鹿山广场,124.7
谢桥村,124.7
龙山公园,124.7
恒力工具,124.7
石家山,124.7
环球花园,124.7
华联商厦,124.7
润沁花园,124.7
万通轿车服务有限公司,124.7
共何新村,124.7
天圣化纤,124.7
青山村,124.7
溪二村,124.7
罗溪村,124.7
马鞍邮政局,124.7
万达广场北区,124.7
燕窠村,124.7
洋江村,124.7
状元名府,124.7
麒麟村,124.7
大屋,124.7
袜业基地,124.7
兴旺村,124.7
兰渚山村,124.7
金村,124.7
金山越府,124.7
南汇村,124.7
锦泰苑,124.7
丁港,124.7
印花新村,124.7
藏岗村,124.7
管宁西区,124.7
横街中园,124.7
移动公司,124.7
凉风洞,124.7
瑞丰学院,124.7
世贸金樽,124.7
滨海假日小区,124.7
英吉利印染,124.7
健拓五金、来福模具,124.7
新昌人民医院,124.7
廊下村,124.7
咸亨新天地,124.7
邮政储蓄银行,124.7
金色东江,124.7
宝龙工业园区,124.7
时代欣居,124.7
吉吉林苑,124.7
新娄畈小区,124.7
吴联村,124.7
五联村,124.7
相公殿社区2统包三组,124.7
红联村,124.7
人民东路南,124.7
官珏村,124.7
建设银行宿舍,124.7
北辰广场,124.7
阳明华都,124.7
嘉业广场,124.7
桥石头村,124.7
城东中小学,124.7
盐业公司,124.7
冢斜村,124.7
五浦头村,124.7
万成羽绒,124.7
聚银国际,124.7
湖门村,124.7
城南新村,124.7
锦都学府,124.7
奥梦斯,124.7
安心坊,124.7
凯翔大厦,124.7
永进村,124.7
黄家堰村,124.7
洪欣家园,124.7
平江工业区,124.7
绿叶锦园,124.7
龙山玫瑰园,124.7
望江山村,124.7
跨湖桥村,124.7
上市场村回山支局统包一组,124.7
唯美格调,124.7
孟家桥河沿,124.7
凤山居委会,124.7
后璋村,124.7
跨湖桥,124.7
大坪头村,124.7
振德公司二分厂,124.7
文星东路,124.7
工农村,124.7
太平桥头西,124.7
西前街,124.7
三花美墅,124.7
托普信息职业技术学院,124.7
钟山村枫桥支局统包一组,124.7
秋瑾小学,124.7
袍江小学,124.7
湖滨一路,124.7
龙尾山村,124.7
褚家村,124.7
城南社区服务,124.7
开元社区委会大唐支局统包二组,124.7
东关工业区四环东,124.7
上虞阳光学校,124.7
旧宅村儒岙支局统包三组,124.7
山川纸业,124.7
精工科技,124.7
梅福小区,124.7
天圣公司,124.7
张家店村,124.7
美盛漫城,124.7
富润,124.7
山水华庭,124.7
绍兴市立医院,124.7
罗红娣-客户经理,124.7
新田村,124.7
废品收购站,124.7
唐家村,124.7
汤浦居委会,124.7
金寨公寓,124.7
文昌苑,124.7
沥东街,124.7
大桥路1号,124.7
鉴湖人民政府,124.7
国土局,124.7
春风公寓北区,124.7
太和村,124.7
新昌锦江之星,124.7
九一村,124.7
黄胜堂村,124.7
章金新村,124.7
王湖村(王家汇村),124.7
广立钢构,124.7
检察院,124.7
邵关明-政企经理,124.7
大市聚职中,124.7
钱塘村,124.7
永庆村,124.7
莒根村,124.7
外梁湖村,124.7
金鹰股份,124.7
双川小区,124.7
国际摩尔城汇景园,124.7
兴齐村,124.7
宏城财富大厦,124.7
新昌白云大酒店,124.7
悦尔登大酒店,124.7
横山徐村,124.7
中成新村,124.7
城南菜场,124.7
陈弟-政企经理,124.7
副食品仓库,124.7
红绿蓝,124.7
达利发集团,124.7
元培中学,124.7
三花宿舍,124.7
兴海家园,124.7
移民下山安置房二期,124.7
稽江村,124.7
恒路村,124.7
舜耕新村西区,124.7
布谷,124.7
燕窠村,124.7
财智国际,124.7
昌星花园,124.7
梁宅村,124.7
黄塘桥村,124.7
郑燕华-政企经理,124.7
金舜花园,124.7
建设大厦,124.7
李宅村,124.7
邻云居,124.7
东锦苑,124.7
鑫洲旅业,124.7
杭劲松-商客经理,124.7
光明居委会,124.7
里仁,124.7
五纹岭居委会城中支局统包八组,124.7
锦麟天地,124.7
阳春村,124.7
锦程工艺,124.7
春满园,124.7
钱清工商所,124.7
富豪路,124.7
报社,124.7
云栖人才公寓,124.7
鉴湖镇广播电视台,124.7
滨港新村(浙纤商都),124.7
民生村,124.7
城市广场(会展中心),124.7
鱼得水酒店、鱼得水市场,124.7
勤业广场,124.7
徐家畈,124.7
潘家坞村,124.7
倪梁村,124.7
百福服饰,124.7
虞光村,124.7
张乐村,124.7
教堂,124.7
西？村,124.7
北街村,124.7
董村,124.7
泾口村,124.7
芦士村,124.7
金宇绿岛广场,124.7
兰花市场,124.7
胜利村,124.7
碳素厂,124.7
沽渚村,124.7
五环彩印公司,124.7
枫家潭村,124.7
中纺CBD开发,124.7
铁牛村,124.7
和悦广场,124.7
中国钢材城,124.7
淡竹村,124.7
谷来一村,124.7
白门下村,124.7
溪埭村,124.7
华舍派出所,124.7
上虞公安局,124.7
巨堂村,124.7
缸岙村,124.7
县建设局,124.7
大明德泽苑,124.7
江南一品,124.7
易兴电子,124.7
宝龙服饰(二手车交易市场),124.7
县公共关系事务所,124.7
滨河嘉苑,124.7
海越大楼,124.7
坎上村,124.7
王湖村(大湖岙村),124.7
城安,124.7
富民街(三江小学),124.7
远东化纤,124.7
秦望家园,124.7
陶家娄底,124.7
吼山幼儿园,124.7
国庆村农民公寓,124.7
枫桦名邸,124.7
舜秀新村,124.7
童玲丽-政企经理,124.7
余渚金隆工业园区,124.7
乐园一区,124.7
阮家坞工业区,124.7
龙华宾馆,124.7
海塘村,124.7
鑫隆广场,124.7
马村城中支局统包十四组,124.7
陌坞村,124.7
伟乐制衣公司,124.7
天桥制衣,124.7
世纪花园,124.7
看守所,124.7
杭浦村,124.7
斯乃格,124.7
华维教师公寓,124.7
夏家岙村,124.7
中漂印染有限公司,124.7
后倪诸葛山村,124.7
洁圣印染,124.7
怡中染整,124.7
新昌国邦,124.7
工业国有资本经营公司,124.7
联民村,124.7
东江居委会,124.7
白塔村,124.7
建行,124.7
毓兰华庭,124.7
安华镇政府,124.7
岭丰村,124.7
轻纺城小商品市场,124.7
舜源村,124.7
水带村,124.7
岭竺村,124.7
石洋新村,124.7
崇仁七八村,124.7
会稽山宾馆,124.7
迅昌针纺,124.7
茅利-政企经理,124.7
华剑床垫公司,124.7
中成大厦,124.7
虹桥宾馆,124.7
炸药仓库,124.7
建安小区,124.7
越兰大厦,124.7
横坞村,124.7
灵山下村,124.7
电动工具厂,124.7
桃源楼,124.7
繁荣公寓,124.7
应山居委会城东支局统包十八组,124.7
白岩前67-68号,124.7
老汽配城,124.7
县财政局,124.7
天宇服饰,124.7
香莲公寓东区,124.7
三江周转房,124.7
安装公司,124.7
下灶村,124.7
平江公寓,124.7
印山小学,124.7
金水岸,124.7
上祝村,124.7
丹桂公寓,124.7
日溢村,124.7
舜祥公寓,124.7
东方建设集团,124.7
海洋城,124.7
詹家？村,124.7
士明村,124.7
人民公寓,124.7
浦桥村,124.7
物资大楼,124.7
锦江半岛,124.7
上三坑村,124.7
辂山村,124.7
黄泽工业园区,124.7
马山村,124.7
千鹤纺织,124.7
草塔镇中,124.7
俊龙机械,124.7
汇鹏服饰,124.7
金外滩大厦,124.7
西墅村,124.7
天姥新村,124.7
国泰饭店,124.7
华舍看守所,124.7
金昌诚园,124.7
越都新村,124.7
陶里居委会,124.7
青甸湖村,124.7
舒尔其服饰,124.7
新风园二期,124.7
中联明珠苑,124.7
东茗村,124.7
越胜公寓,124.7
欢潭村,124.7
协办宿舍,124.7
碧桂园,124.7
灵运村,124.7
砍下路口,124.7
裕鑫化纤有限公司,124.7
横山村,124.7
上沙村,124.7
盘龙新村,124.7
白门上村,124.7
朱家滩村,124.7
人利华府,124.7
三建宅小区,124.7
岙桥里,124.7
力博工业园区,124.7
草塔幼儿园,124.7
坎头村,124.7
农行,124.7
开元五村,124.7
南街村,124.7
中地镜水湾,124.7
恒利新村西4区,124.7
领带园三路,124.7
屯外村,124.7
平水中心小学,124.7
众华大酒店,124.7
七建公司,124.7
高家居委会,124.7
西豆姜村,124.7
剡兴路,124.7
狮源,124.7
综合楼,124.7
鸿远小区,124.7
怡康苑,124.7
裘村,124.7
曹江路沿街厂房,124.7
仓桥直街,124.7
悦天家庭用品厂,124.7
丰球,124.7
茅塘山,124.7
三联村,124.7
七大州翡翠园,124.7
马山本街,124.7
未落网格,124.7
闰土嘉和园,124.7
领带园四路,124.7
渡皇山村,124.7
新建庄村,124.7
延安变电所,124.7
仙湖社区办,124.7
未落网格,124.7
东圃社区1,124.7
电影院,124.7
美乐无缝墙布有限公司,124.7
夏王村,124.7
桂花南苑,124.7
上梧岗村,124.7
兴联村,124.7
阳光新城,124.7
孝丰村,124.7
城南新村,124.7
五浦头工业区,124.7
璞玉村,124.7
宝汇大厦1,124.7
云栖金马住宅,124.7
灵芝镇庄头村,124.7
兴隆街,124.7
新旺村城东统包区三组,124.7
詹家山村口,124.7
宝兴花园,124.7
暨东路28号,124.7
新岩村,124.7
滨海新天地,124.7
南村东浦统包二组,124.7
山水名家琉园,124.7
流星花园,124.7
芝田村,124.7
河塔村,124.7
状元二村,124.7
天龙数码,124.7
榆树村,124.7
越新公寓,124.7
顾鉴芳-商客经理,124.7
蒋村,124.7
府山门口,124.7
宜东南村,124.7
金硕服饰,124.7
精英纺服,124.7
家电市场,124.7
大王庙村,124.7
上王村,124.7
镇海村,124.7
兴发大厦,124.7
阳光福利院,124.7
官河路,124.7
信达银郡,124.7
齐贤加会统包八组,124.7
寺桥村,124.7
天波物流,124.7
兴文公寓,124.7
央茶湖小学,124.7
王金利-政企经理,124.7
下洲村,124.7
丁严王安置小区,124.7
柯桥区档案馆,124.7
兴昌度假村,124.7
森海豪庭梧桐园,124.7
鹅境东区,124.7
文化产业用房,124.7
祝温村,124.7
崇文花园,124.7
浙江不锈钢轴承有限公司,124.7
新概念,124.7
新东泽化工,124.7
陶姚村,124.7
新沙居委会,124.7
南桥村,124.7
胜利路南,124.7
银春社区,124.7
魏廉村,124.7
越盛大酒店,124.7
福全毛纺染整厂,124.7
西站,124.7
庆茂纺织,124.7
浦口村,124.7
肖彩娟-政企经理,124.7
南山,124.7
塔山汽配,124.7
农副市场,124.7
白鱼潭村,124.7
后梅小区,124.7
新天龙文惠苑,124.7
越剧艺术中心,124.7
鹤湖村,124.7
全心村,124.7
盾安禾田金属有限公司,124.7
凤山新村42幢,124.7
天丰新城,124.7
独山仓储,124.7
丁家村,124.7
龟岩潭村,124.7
药品监督局,124.7
管梁村,124.7
中源,124.7
解放南路城南7号,124.7
红十字医院康复中心,124.7
莲增村,124.7
竹里人家,124.7
双梅小区,124.7
飞华大厦,124.7
新建村,124.7
上游村,124.7
新华小学,124.7
柯桥派出所,124.7
西横河新村1区,124.7
家园村,124.7
珠溪村,124.7
百草园酒业,124.7
永兴坊,124.7
宝岛大酒店、蓝贵坊,124.7
三条娄村,124.7
上虞农业银行,124.7
渡东小区,124.7
锦瑞大厦,124.7
墙面宝涂料,124.7
董村村,124.7
众华家纺,124.7
树人小学中校区,124.7
杜浦村(道墟统包一组),124.7
独山安置小区,124.7
大华泵业,124.7
大坊口住商楼西区,124.7
玉园,124.7
广州本田4S店,124.7
众盛苑,124.7
锦坞村,124.7
吴芳萍-政企经理,124.7
山亭山,124.7
嘉华馥园,124.7
南富民街,124.7
知新中学,124.7
金鑫聚酯,124.7
瑞欣公寓,124.7
上连村,124.7
青丰村,124.7
华威化工有限公司,124.7
市委党校,124.7
越东小区,124.7
海湖别墅区,124.7
多元世纪城,124.7
华东居委会,124.7
滨江花园,124.7
张村,124.7
下王村,124.7
唐家湾,124.7
漓渚村福全漓渚统包二组,124.7
凤凰村,124.7
永丰公寓,124.7
紫薇花苑,124.7
马鞍路口,124.7
龙景嘉苑,124.7
鉴湖大厦,124.7
银都花园,124.7
梁高村,124.7
平江村,124.7
东雅后俞村,124.7
灵鹅村,124.7
万通纺织,124.7
康阳纺织,124.7
幸福村,124.7
泉畈村,124.7
江南村,124.7
蒋吴锋-客户经理,124.7
佳艺广场,124.7
斗门村,124.7
江南印染厂宿舍,124.7
罗家村,124.7
新昌国土局,124.7
热电厂,124.7
新中医院,124.7
时代世纪城,124.7
城西村,124.7
城东体育馆,124.7
凯利大厦,124.7
禹溪村,124.7
柯岩街道医院,124.7
国际摩尔城御景园,124.7
清水闸村,124.7
高版新村,124.7
大通,124.7
迎驾桥村,124.7
剡山景苑,124.7
璜山,124.7
新甸村,124.7
邮电幼儿园,124.7
白沙地村,124.7
精美针纺,124.7
东莲河小区,124.7
富一村,124.7
鼓山新村,124.7
余渚工业园区,124.7
航管所,124.7
陈建国-商客经理,124.7
寿斐文－商客经理,124.7
江协村,124.7
海关大楼,124.7
芭脚外村,124.7
鹤年堂,124.7
惠达纺织,124.7
江南华庭,124.7
鹏程实业,124.7
钟山村,124.7
兴南路,124.7
明月湾小区,124.7
昌安渡头,124.7
徐家坞,124.7
袍江开发委,124.7
城西二苑长兴路光交,124.7
乐昌苑,124.7
森海豪庭桦林园,124.7
沿山新村牌头支局统包三组,124.7
梅园村农民公寓,124.7
中兴商贸大厦,124.7
新昌科技局,124.7
新昌交通局,124.7
八字桥村,124.7
相公殿路,124.7
百官街道卫生院,124.7
安昌泵站,124.7
皋埠镇电管站,124.7
蠡湖新村,124.7
大树名园,124.7
上江村,124.7
胡国鑫-政企经理,124.7
剡苑小区,124.7
寨下,124.7
谢家桥村,124.7
华汇大厦(中超商务酒店),124.7
芳泉村,124.7
风荷苑,124.7
杨溪村,124.7
港越新都北区,124.7
吉利来金属,124.7
新世纪公寓,124.7
蜀秀桥,124.7
博文新村,124.7
荣怀公寓,124.7
新昌万丰涂料厂,124.7
钱清新甸统包三组,124.7
紫金华庭,124.7
金色家园,124.7
深湾村,124.7
三佳村,124.7
娄东村,124.7
工艺织造,124.7
钱锋-政企经理,124.7
健康路10幢,124.7
绍兴城南统包九组,124.7
绍兴城南统包九组,124.7
绍兴城南统包九组,124.7
里宅村,124.7
龙山宾馆,124.7
工商局,124.7
高湖路20号,124.7
上峰和风苑,124.7
翔华针织有限公司,124.7
龙泉小区,124.7
茶园头村,124.7
镜水花园,124.7
九城公园,124.7
鸿泰皮革制品有限公司,124.7
马剑,124.7
蕺山公园,124.7
冠东印染,124.7
王山村,124.7
车二村,124.7
恂北村,124.7
阮家湾村,124.7
光明塘新村,124.7
焦坑村,124.7
南阳花园,124.7
占岙村,124.7
技术监督局,124.7
花为媒汽配市场,124.7
东安一区,124.7
悦澜山,124.7
大树下,124.7
栖凫村,124.7
伟联村,124.7
虹溪村,124.7
绍兴一中分校,124.7
褚佳-政企经理,124.7
唐家桥商住楼,124.7
华通新村,124.7
宝业四季园,124.7
绿环公司,124.7
金生花园,124.7
世贸广场单身公寓,124.7
檀香国际,124.7
泰富装饰品,124.7
世纪星城,124.7
白岩前,124.7
三峰实业有限公司,124.7
待驾桥花园,124.7
新桥村,124.7
精工钢构,124.7
国商大厦,124.7
浣纱中路63号,124.7
超级大酒店,124.7
大佛寺风景区,124.7
运通苑,124.7
二桥工业区,124.7
星岛风情酒店,124.7
亚太高科,124.7
和欣家园,124.7
天峰村拔茅支局统包五组,124.7
科创大厦,124.7
兰亭镇中心小学,124.7
星月湾小区,124.7
亚美生化有限公司,124.7
御茶山庄,124.7
宝驰天汇大厦,124.7
山外村,124.7
任谢村,124.7
瓜渚风情,124.7
洞桥村,124.7
西山下村,124.7
福安村,124.7
外贸大厦,124.7
枫桥镇中,124.7
桑港村,124.7
张家巷口,124.7
南田村,124.7
渡东电力小区,124.7
朱家草塔支局统包二组,124.7
新天马君澜大酒店,124.7
陈琳-政企经理,124.7
怡和嘉园,124.7
宏森花园,124.7
上东潭村,124.7
华越小区,124.7
舜豪村,124.7
天马花园,124.7
梁莹-商客经理,124.7
沈峰-政企经理,124.7
联海村,124.7
里外岙村,124.7
拔茅村拔茅支局统包一组,124.7
天城花园,124.7
翰林学府别墅区,124.7
越峰,124.7
未落网格,124.7
古城花园,124.7
济德医院,124.7
梁家村,124.7
瑞东园,124.7
望江公寓,124.7
江南世家,124.7
横渡桥村,124.7
时代服饰,124.7
朱家潭村,124.7
江南南路3弄,124.7
未落网格,124.7
三角站居委会,124.7
希原针纺有限公司,124.7
森海豪庭樱花园,124.7
万达广场B号楼,124.7
旅游公司,124.7
青峰村,124.7
上朱村,124.7
香山别墅,124.7
新富村,124.7
广宁桥仓弄,124.7
沈河村次坞支局统包三组,124.7
新江村,124.7
双港安置房,124.7
张钦-商客经理,124.7
金龙塔村,124.7
香滨半岛,124.7
湖中园,124.7
北庄新村25幢,124.7
十里坪村,124.7
前进齿轮厂,124.7
罗村村,124.7
兰岭村,124.7
物资大楼,124.7
浙江涤纶厂,124.7
鸡峰山,124.7
苎萝一村16幢,124.7
沈珍妮-政企经理,124.7
马弄西区,124.7
浅水弯,124.7
西溪湖村,124.7
梅林山村大市聚支局统包三组,124.7
银泰小区,124.7
春天雅苑,124.7
康盛苑,124.7
金桥大厦,124.7
绍兴大剧院,124.7
陶堰工业区,124.7
相公殿社区8,124.7
种子公司,124.7
白段村,124.7
越都南苑,124.7
香山雅苑,124.7
浙江曼尔佳珍珠有限公司,124.7
坪桥村,124.7
丰田岭村,124.7
云栖桥,124.7
新昌七星派出所,124.7
兴浦村移民区,124.7
宏大标准厂房,124.7
柘前,124.7
神鹰集团,124.7
越都大酒店,124.7
诸安大厦,124.7
尉相村,124.7
平阳村,124.7
海鑫花园,124.7
冯浦村,124.7
笕桥村,124.7
大乐制衣有限公司,124.7
绍兴城西统包二组,124.7
双高村,124.7
天宇大厦,124.7
廿里牌村,124.7
联桥村,124.7
申高畈,124.7
澄潭工业园区,124.7
新昌城东派出所,124.7
区人民政府,124.7
第头村,124.7
嵊州宾馆,124.7
锦泰苑,124.7
溪北,124.7
五金交电城,124.7
厦盖山村,124.7
逸夫小学,124.7
新联村,124.7
华通棉业,124.7
九浸畈,124.7
72铭座,124.7
四丰村,124.7
红门新村,124.7
杨川村,124.7
汪阮家坞村,124.7
上店村,124.7
上城小区,124.7
叶岙村,124.7
长乐二村,124.7
鼓山新村,124.7
越秀带业,124.7
店口社区,124.7
三联,124.7
石塔头,124.7
鑫洲海湾大酒店,124.7
钟楼农贸市场,124.7
碧波康庭,124.7
陈家村,124.7
中泽嘉园二期,124.7
车站西路住宅,124.7
应山二期,124.7
明星纺织厂,124.7
农业银行,124.7
曲屯,124.7
梁家井村,124.7
开发区三环路西,124.7
金淼颖-政企经理,124.7
陆家村,124.7
城市花园,124.7
和平公寓,124.7
雅言楼村,124.7
捣臼爿工具厂,124.7
华通医药广场,124.7
立新家纺有限公司,124.7
西安村,124.7
屠溪村,124.7
精工集团,124.7
嘉尔达纺织,124.7
康庄村,124.7
宏大文汇苑,124.7
蝶庄小区,124.7
通威饲料,124.7
王家园村,124.7
三纺机械,124.7
繁荣村,124.7
钻石大厦,124.7
独树村,124.7
卧龙集团,124.7
铜材市场,124.7
七贤桥村,124.7
港联村,124.7
文华苑,124.7
华丰大厦,124.7
海阔天空,124.7
消防大队,124.7
灵芝镇青云村,124.7
相公殿北路17号小高层,124.7
华业建材,124.7
叠石村,124.7
中兴社区居委会大唐支局统包五组,124.7
柯北居委会,124.7
溪西村,124.7
五丰村,124.7
陈松军-政企经理,124.7
万绣绣品,124.7
新时代广场,124.7
南岸花园东区,124.7
木材市场,124.7
古纤道公司,124.7
米兰阳光,124.7
中国茶市,124.7
胡家村,124.7
未落网格,124.7
大娄村,124.7
达胜针织,124.7
称海村,124.7
联塘村,124.7
何王村,124.7
县委党校,124.7
朱村村甘霖统包十一组,124.7
华丰村,124.7
贺盘居委会,124.7
看守所,124.7
科创中心,124.7
星丰小区,124.7
皋埠镇织布厂,124.7
亚太药业,124.7
宝丰纺织,124.7
夏履桥村,124.7
爱湖头村,124.7
华绣科技,124.7
张冬霞－商客经理,124.7
鸿景庄园,124.7
玉兰花园柯北统包十一组,124.7
凤凰园,124.7
新昌丝织总厂,124.7
卧龙山庄,124.7
富得利木业,124.7
县府后,124.7
大丰盛印染厂,124.7
上塘头村,124.7
金龙工业园区,124.7
五四村,124.7
界树坊,124.7
许红红-政企经理,124.7
祥和苑,124.7
柴场弄,124.7
徐爽爽-政企经理,124.7
阳光城,124.7
合新村三江统包八组,124.7
幸福公寓,124.7
力博稽山庄园香樟苑,124.7
百利特纺织,124.7
颐东华庭,124.7
金庭村黄泽统包六组,124.7
锦江文华,124.7
莲湖新村,124.7
灵芝镇七里江村,124.7
钱江大厦,124.7
上市场村回山支局统包二组,124.7
梅林居委会,124.7
锦绣华庭,124.7
华鑫环保,124.7
万顺饰品有限公司,124.7
殿前村,124.7
盘山村,124.7
宝利德发展大厦,124.7
伟明村,124.7
枫叶集团,124.7
桥东新村,124.7
锦禾小区,124.7
诸东村,124.7
洞坑村,124.7
通力机床,124.7
松下本街,124.7
露笑科技,124.7
北三区,124.7
吴山村,124.7
金乔商务酒店,124.7
大柳仙村,124.7
王院村,124.7
轻纺城小学,124.7
鉴湖大酒店,124.7
红旗绸厂,124.7
井杨村,124.7
大地香樟园,124.7
城东一村,124.7
百汇商厦,124.7
下元塘社区2,124.7
冠松别克汽车,124.7
梅市水庄南区,124.7
众阳名门,124.7
念亩头村,124.7
富强村,124.7
青林寺,124.7
顺富村,124.7
后双盆,124.7
王树村,124.7
东闸村,124.7
万乔村,124.7
浣纱中学市府办公楼,124.7
店口新菜场,124.7
新世界大酒店,124.7
新回公路1弄,124.7
甘湾村,124.7
建材城工业区,124.7
百官广场,124.7
吼山村,124.7
小越湖村,124.7
周村,124.7
儒岙中学,124.7
清水塘村,124.7
文锦苑,124.7
快阁村,124.7
东曹汇村,124.7
新昌城管局,124.7
兰亭高科有限公司,124.7
大华宿舍,124.7
国家电网,124.7
梅渚丰岛,124.7
树鹅王公寓,124.7
城关镇政府,124.7
舜江村(上浦统包一组),124.7
茅家村,124.7
高阳村,124.7
坂田村,124.7
青龙村东浦统包二组,124.7
铭珠华庭,124.7
四甲公寓,124.7
大嘴巴文化,124.7
嘉华印染,124.7
田东村,124.7
南山头村,124.7
渔门村,124.7
洪都苑,124.7
快阁苑馨月坊,124.7
罗星幼儿园,124.7
紫荆小区,124.7
恒利菜场,124.7
翔耀针纺,124.7
上坞山村,124.7
三花百合园,124.7
双湾村,124.7
岭岙村,124.7
五金机电城,124.7
鹤群机械,124.7
王殿畈村,124.7
化建公司,124.7
小礼堂,124.7
岭头山村,124.7
多宝讲寺,124.7
经济开发区1,124.7
北直街250号等,124.7
凤山安置小区,124.7
后墅农贸市场住宅楼,124.7
仙都路,124.7
迎联村,124.7
王相桥工业区,124.7
东江村,124.7
电信局片,124.7
珠峰,124.7
五都新村,124.7
合力居委会,124.7
金马公寓,124.7
一光电器,124.7
阳嘉龙家庭工业区,124.7
城西供电工区,124.7
华鸿水岸,124.7
沿江新村,124.7
城西变电所,124.7
城南大道380号小区,124.7
永兴华庭,124.7
滨江中路34号,124.7
建设银行总行,124.7
读山,124.7
环卫处,124.7
王城村,124.7
鹭鸣山庄闻水苑,124.7
牌一村,124.7
灵溪村,124.7
新市政府,124.7
中溪村,124.7
紫草坞,124.7
袁川二期小区,124.7
华海现代城,124.7
凤凰城城东支局统包区十八组,124.7
船舫下村,124.7
锦瑞楼,124.7
安吉里2,124.7
绅花纺织,124.7
吴越蕾-政企经理,124.7
童家塔村,124.7
石门,124.7
西源,124.7
香缇墅,124.7
燃气总公司,124.7
安家村,124.7
人民医院,124.7
中兴社区居委会大唐支局统包六组,124.7
淡山村,124.7
金星工业区,124.7
柯灵小学,124.7
高依村,124.7
府山银苑,124.7
建设大厦,124.7
大通集团农副产品批发市场,124.7
皂李湖村,124.7
白雁坑村,124.7
大道西路88号,124.7
迎丰小区,124.7
黄酒博物馆,124.7
城南水乡,124.7
永宁村废金属市场,124.7
环城北路19号,124.7
交通局,124.7
王家井,124.7
金时花园,124.7
城西水果市场,124.7
奇瑞车业,124.7
新昌检察院,124.7
中镇庙路口,124.7
广济苑,124.7
湖山村,124.7
高版社区,124.7
龙凤山庄,124.7
温馨花园(内),124.7
石家池小区,124.7
大禹陵风景区,124.7
丁徐村,124.7
城西邮电宿舍,124.7
柯岩风景区,124.7
银都水岸,124.7
滨海污水厂,124.7
西湖村潭俞,124.7
兴日铁金属薄板,124.7
东华工业园,124.7
余渚光明工业园区,124.7
三江城塑像,124.7
裕隆工贸,124.7
孙屋村,124.7
石坪村,124.7
丰越花园,124.7
凯泰特种纺织,124.7
张家村,124.7
华宇电器,124.7
金庭湖,124.7
新华汇大厦,124.7
四达印染,124.7
八达大厦,124.7
普安村,124.7
工商银行,124.7
影城宾馆(已拆),124.7
上源岭光嘉园小区,124.7
新任溪村,124.7
日月村,124.7
荷花坪村,124.7
东圃小学,124.7
朱家畈,124.7
宏嘉山庄,124.7
舜江花园,124.7
新昌雷迪森酒店,124.7
夏家埠村,124.7
蒿坝村,124.7
上道地村,124.7
凤仪村,124.7
人民法院,124.7
三新,124.7
天峰村拔茅支局统包一组,124.7
施家岙村,124.7
双溪村,124.7
榧王村,124.7
新宅村,124.7
董坞岗村,124.7
景都花苑,124.7
三丰村,124.7
振辉针织,124.7
上虞市政府,124.7
上虞疾病控制中心,124.7
涂山市场,124.7
千亩地工业园区,124.7
安昌医院,124.7
龙洲花园,124.7
远东热电,124.7
二渡村,124.7
会稽山绍兴酒公司,124.7
栎桥村,124.7
崇仁二村,124.7
樟花村,124.7
镜水苑,124.7
华汇大厦,124.7
海纳百川,124.7
莲中村,124.7
山水名家瑾园,124.7
唐萃珠宝有限公司,124.7
越仕苑,124.7
日森大厦,124.7
杨梅桥村,124.7
建设村,124.7
渔化府,124.7
风雅苑,124.7
幸福里,124.7
皋埠集中解困房,124.7
阮芳艳-政企经理,124.7
大龚村,124.7
大环河管理处,124.7
唯上科技,124.7
林种站小区,124.7
大塘坑村拔茅支局统包三组,124.7
名爵府,124.7
山下村,124.7
容山村,124.7
行知小学,124.7
金程针织厂,124.7
岔路口村,124.7
旭峰村,124.7
炬星村,124.7
陶嘉麒-客户经理,124.7
应山新村,124.7
绍兴县委党校,124.7
华东纺机厂,124.7
晋生村,124.7
官华针纺厂,124.7
浙江石狮汽车机电市场,124.7
万家花苑,124.7
山外村农民公寓,124.7
袁郭岭村,124.7
赵家村,124.7
桃源汇德龙针纺公司,124.7
交通银行,124.7
华纳药业,124.7
亚厦风和苑,124.7
沥海居委会(沥海统包六组),124.7
大明市村,124.7
李村二村,124.7
邮政大楼,124.7
梅渚新和成,124.7
会篁村,124.7
城南农贸市场,124.7
跨湖人家,124.7
新叶村,124.7
新昌房管局,124.7
宏建纺织,124.7
丰乐村,124.7
塔山新和成,124.7
大王田湾村,124.7
白岩前65-66号,124.7
下岩村,124.7
西陡门村,124.7
大步村福全漓渚统包一组,124.7
恒泽苑,124.7
博缆家纺,124.7
制尚电器,124.7
巨星大厦,124.7
腰鼓山村,124.7
永通花园,124.7
钱家棣至长南桥,124.7
东郭村城东统包六组,124.7
江滨西路2,124.7
岙元村,124.7
新世纪公寓,124.7
朱家站村,124.7
联塘村,124.7
红旗幼儿园,124.7
天?开元名都大酒店,124.7
平川路10幢,124.7
双亭小区,124.7
袍谷中学,124.7
九连村,124.7
浙商银行,124.7
绿城玉兰公寓南区,124.7
亚太新村,124.7
大畈村,124.7
德盛大厦,124.7
庙桥村,124.7
赏余村,124.7
巽坞村,124.7
镜海小区,124.7
越州工贸园区,124.7
老北站,124.7
大江市场,124.7
小越村,124.7
？下村,124.7
未落网格,124.7
丁溪村,124.7
前丰新村,124.7
砚田村,124.7
泓城大厦,124.7
领带园一路,124.7
五纹岭居委会,124.7
凤鸣村,124.7
亭渎村,124.7
浣江小区,124.7
华夏印染,124.7
浙煅,124.7
财富大厦,124.7
环城西路109号,124.7
天马商务大厦,124.7
亚都大酒店,124.7
绵绣唐城,124.7
天荷村,124.7
体育新村,124.7
安康家园,124.7
国防大楼,124.7
华甫中学,124.7
现代家园,124.7
东市场,124.7
秀水小学,124.7
大和、小西庄村,124.7
富盛村富盛统包一组,124.7
旧人民医院(西施殿),124.7
豪业塑料,124.7
耀龙纺粘,124.7
剡溪花园,124.7
金家村卢家塘,124.7
新图,124.7
东豪集团,124.7
江南苑,124.7
永乐纺织机械,124.7
人民南路90号,124.7
乌石村,124.7
雪头村,124.7
阳光绿园,124.7
相公殿社区7,124.7
新桥家园,124.7
剡源村,124.7
霞村小区,124.7
凤鸣村,124.7
永胜大厦,124.7
化工园区东区,124.7
太子龙小区,124.7
镇中,124.7
芹塘村,124.7
新昌公安局,124.7
百官老城区西,124.7
草湖江口村,124.7
张娄村,124.7
原粮化,124.7
双山村,124.7
联兴村钱清统包七组,124.7
景泰嘉苑,124.7
东圃社区2统包十组,124.7
赵知英-政企经理,124.7
新河村,124.7
新光村(崧厦统包二组),124.7
高尔夫训练中心,124.7
阳光花苑,124.7
昌盛电器等,124.7
米兰公馆,124.7
浙江石狮装饰材料市场,124.7
凤山路中路,124.7
长乐六村,124.7
五平村大市聚支局统包二组,124.7
官河里2,124.7
拔茅职中,124.7
杨树畈,124.7
雄城大厦,124.7
兴华利宿舍楼,124.7
赵建村,124.7
许家埭村农民公寓,124.7
红黄蓝制衣,124.7
市府宿舍,124.7
交通职业学校,124.7
溪竹村,124.7
岭湖村,124.7
倪家堡村,124.7
光明新村,124.7
三坞村,124.7
中清大厦,124.7
耐特塑胶,124.7
福欣大厦,124.7
里娄沟村,124.7
绍兴大酒店,124.7
寿建国厂房,124.7
七星邮政支局,124.7
梅和家园,124.7
精细化工,124.7
大有弄,124.7
袁家村,124.7
东豪家园,124.7
柯岩供销超市,124.7
亚龙羽绒,124.7
斗岩村,124.7
银沙村,124.7
里木栅村,124.7
姚家埭,124.7
兰乔圣菲,124.7
草塔支局统包八组,124.7
中国文化创意城,124.7
越发机械,124.7
金鸡塘居委会,124.7
毫岭村,124.7
新桥村,124.7
新昌县府,124.7
滨笕新村,124.7
石舍村,124.7
袁家村,124.7
农副产品批发市场,124.7
陈张文-政企经理,124.7
东区交警大队,124.7
古镇营业房,124.7
南大村,124.7
清远工业园区,124.7
徐家居委会,124.7
快阁苑阳冬坊,124.7
双排娄小区,124.7
大西庄村,124.7
三江园区6,124.7
怡然雅苑,124.7
人民东路1弄,124.7
情缘龙山,124.7
世贸广场,124.7
虞铃萍-政企经理,124.7
中大君悦龙山,124.7
第二医院,124.7
柯桥世纪广场(已拆),124.7
罗北北辰商务楼,124.7
屠斌-客户经理,124.7
裘岩村,124.7
马益,124.7
詹徐王村,124.7
三花现代城,124.7
天汇市场,124.7
锦绣园,124.7
灵芝镇五峰村,124.7
裕民小区,124.7
盛世名苑二期,124.7
越然纺织有限公司,124.7
开发区A,124.7
南明安置,124.7
渡江路工业区,124.7
喻宅村,124.7
白鹭金滩和风园,124.7
绢纺一村,124.7
寺东安置房,124.7
长乐五村,124.7
马寅初中学,124.7
古玩市场,124.7
康乐巷,124.7
旧东门,124.7
上山坞村,124.7
盛鼎世家,124.7
东江村,124.7
亚太特宽,124.7
珠峰新村,124.7
勤荣,124.7
防疫站宿舍,124.7
浣东小区,124.7
蓝天商都,124.7
枫景园小区,124.7
明山桃源,124.7
延安路二院对面二院宿舍,124.7
文澜中学,124.7
剡湖统包三组,124.7
高风村,124.7
绍兴城北统包十五组,124.7
轻纺城农贸市场,124.7
山下赵安置小区,124.7
东桃村,124.7
通达商务宾馆,124.7
马山社区,124.7
未落网格,124.7
通联度假村,124.7
箬山下,124.7
绢纺厂,124.7
环宇大楼,124.7
福昌公寓,124.7
华清公司,124.7
南方织造,124.7
工农二苑,124.7
凤凰城,124.7
西鲍村,124.7
万达广场C号楼,124.7
南钱清村,124.7
华汇大厦,124.7
蓄电池厂,124.7
西施大街,124.7
扬江一品,124.7
县给排水公司,124.7
上蔡岙村,124.7
浪头湖,124.7
华润汽车,124.7
世贸二期(万商广场),124.7
钱灵丽-客户经理,124.7
恂南村,124.7
白杨村,124.7
盛家坞村,124.7
梅渚工业园区(前山),124.7
梦天骄服装厂,124.7
黄镜景-政企经理,124.7
下衣村,124.7
振东实业,124.7
金凤小区,124.7
龙山花苑,124.7
香湖岛,124.7
章伟永-政企经理,124.7
外来环卫民工公寓,124.7
宝利国际大厦,124.7
吴伟-商客经理,124.7
大善村,124.7
中心广场,124.7
新联村,124.7
开发区三环人民西路南,124.7
余建虹-政企经理,124.7
勤勇村,124.7
审批中心,124.7
悦天服饰,124.7
上碧溪村,124.7
花园新村,124.7
蔡小满-政企经理,124.7
通港苑,124.7
新昌县环保局,124.7
安昌冷轧厂,124.7
长乐村,124.7
万象制衣,124.7
胶鞋厂,124.7
丰城新苑,124.7
滨江众鑫苑,124.7
福兴纺织,124.7
石柱湾村,124.7
新民村,124.7
长塘村,124.7
兴达家居,124.7
湖东景园南区(红丰嘉苑),124.7
灵芝宾馆,124.7
行政执法局,124.7
恒利印染,124.7
上沙地村,124.7
花坎村,124.7
城东邮电宿舍,124.7
伯乐家具,124.7
临江,124.7
王卫兴-政企经理,124.7
皂湖工业区,124.7
海棠公寓南区,124.7
海天医疗,124.7
银湖花园别墅,124.7
震元堂,124.7
三叶外贸,124.7
伯乐大厦,124.7
大皋埠村,124.7
上杨村,124.7
麦地郎,124.7
工商银行,124.7
天洋公司,124.7
江东村,124.7
阳光大厦(已拆),124.7
望越花园,124.7
万禾针织,124.7
小湖村,124.7
新里港村(道墟统包二组),124.7
锦泽苑,124.7
土管所,124.7
世贸酒店(开元漫珠),124.7
平水变电所,124.7
东南村,124.7
西后村,124.7
无名集团宿舍,124.7
新河村,124.7
丰岛集团,124.7
缇香名邸,124.7
明珠花园,124.7
清兰公寓,124.7
新上王村,124.7
富三村,124.7
袁岭村,124.7
腾龙阁,124.7
星洲花园,124.7
气象局,124.7
江东社区湄池支局统包五组,124.7
岑前村,124.7
梓尚阁村,124.7
新岩头村,124.7
未落网格,124.7
新昌中学,124.7
杭州恒八酒店,124.7
夏家花园,124.7
公交三公司,124.7
长城中学,124.7
天光桥小区,124.7
东海村,124.7
亭东村,124.7
未落网格,124.7
塔山卫生院,124.7
兴业速运,124.7
科委,124.7
科达钢结构,124.7
中喻村,124.7
赵马村,124.7
阳光佳苑,124.7
下蔡村,124.7
山海小学,124.7
三都二村,124.7
新昌三馆,124.7
轻纺城医院(华宇医院),124.7
相公殿社区4,124.7
城东四村,124.7
章梅塔村,124.7
下石演村,124.7
竺传德-商客经理,124.7
浙江宏亮建设公司,124.7
竹林阮社,124.7
中包派克奇,124.7
柯桥中心幼儿园,124.7
浪港新村,124.7
锦绣新城,124.7
黄坑村,124.7
苏秦村,124.7
金沙,124.7
金山湖村,124.7
下沙地村甘霖统包二组,124.7
舜皇村,124.7
润和天地,124.7
人才公寓,124.7
金鹰山庄,124.7
上三线工业区,124.7
大桥村次坞支局统包四组,124.7
大桥村次坞支局统包四组,124.7
溪西村,124.7
快阁苑仲夏坊,124.7
东升路市场三期(吉祥苑),124.7
亭山居委会,124.7
新岙村,124.7
储二村,124.7
永通度假村,124.7
舜杰花苑,124.7
欧潭村,124.7
大昆村,124.7
凤山新村31-50幢,124.7
酿造厂,124.7
育英小学,124.7
赞成美林,124.7
湖塘中学,124.7
鱼将村,124.7
海关大楼,124.7
恒龙汽配城,124.7
金泰花园,124.7
三马锦纶厂,124.7
通益村,124.7
南一村,124.7
瓜渚御景园,124.7
东三新村,124.7
朝峰苑,124.7
升笑纺织,124.7
新昌城西派出所,124.7
青春路,124.7
一纺新村,124.7
柯桥柯中统包一组,124.7
车家弄新村,124.7
若耶村,124.7
丽湖村,124.7
公安大楼,124.7
卧龙三村,124.7
东浦废丝市场,124.7
玉龙山庄,124.7
四联村,124.7
西景山村,124.7
永宁,124.7
庆亚纺织,124.7
永源纺织,124.7
镜湖山庄,124.7
绿城玉兰花园,124.7
江南大酒店(党校),124.7
后璜村,124.7
爱堡罗文体用品,124.7
东光村,124.7
邵家岸村,124.7
东凌湖村,124.7
杨家坞村,124.7
力博稽山庄园秀竹苑,124.7
天荷花园,124.7
辕门新村西区,124.7
风泽苑,124.7
诸暨小百货市场,124.7
天乐微电,124.7
日月潭小区,124.7
高版别墅区,124.7
新板头村,124.7
大勤村,124.7
金昌大酒店,124.7
天龙公司,124.7
坝内村,124.7
文理学院河西校区,124.7
中脉大厦,124.7
忠铨村,124.7
迪荡移动公司,124.7
下竹村,124.7
金塔化工,124.7
城东二村,124.7
兴力染整,124.7
海塘自来水公司,124.7
民工子弟学校,124.7
后王村,124.7
三懋楼村,124.7
朱村村甘霖统包十二组,124.7
瑞气净化设备公司,124.7
水务集团,124.7
古越龙山第三酿酒厂,124.7
新昌制线厂,124.7
新桔城,124.7
桥里房村,124.7
峡山村,124.7
第六医院,124.7
东湖村,124.7
香湖郡小区二期,124.7
城南幼儿园,124.7
东升,124.7
贤盛轻纺,124.7
新大城家居广场,124.7
宝华海滨庄园,124.7
司法局,124.7
高速路征大队,124.7
金地天玺,124.7
金城大厦,124.7
陈蔡水库住宅小区,124.7
大罗,124.7
香逸公寓,124.7
里家竹村,124.7
鼓山西路2号,124.7
大江村,124.7
文化新村,124.7
新叶家埭村(南湖统包一组),124.7
章素妹-客户经理,124.7
学府名苑,124.7
吴冠钦-政企经理,124.7
竹园童村,124.7
兰沿村,124.7
大庆寺印染厂,124.7
田家村,124.7
旺卓针纺,124.7
永红村,124.7
下塘村,124.7
江南织造,124.7
市环岛汽车修理厂,124.7
冷冻仓库,124.7
安家兴小区,124.7
眉岱村,124.7
东安村,124.7
鹤群大酒店,124.7
锦绣家园,124.7
社会福利院,124.7
九家坞,124.7
百官三小,124.7
锦江花园,124.7
和谐家园,124.7
锦麟天地购物中心,124.7
滨海热电,124.7
凤山新村5-30幢,124.7
东光村,124.7
羊毛衫厂,124.7
新庄村,124.7
博雅家纺,124.7
万盛家园,124.7
西湖新村渡船坊,124.7
许岙村,124.7
大墩村,124.7
大明公寓,124.7
佳山下安置小区,124.7
盛鑫印染,124.7
新昌宾馆,124.7
绍兴城南统包五组,124.7
绍兴城南统包五组,124.7
绍兴城南统包五组,124.7
白沥畈,124.7
汇丰小区,124.7
宏发电器,124.7
长春观,124.7
五云绿岛,124.7
奇创车业,124.7
人民南路172号,124.7
新舒纺织,124.7
高丰家园,124.7
新昌县气象局,124.7
上里村,124.7
山塘,124.7
人生纺织,124.7
福门南村9幢,124.7
谢家坞兰亭统包二组,124.7
滨海物流中心,124.7
博欧汽车馆,124.7
丰岭村,124.7
金皇后皮塑,124.7
郑家村,124.7
景城嘉苑,124.7
大塘坑村拔茅支局统包五组,124.7
柯桥开发委,124.7
半岛花园,124.7
应店街镇中,124.7
开元小区,124.7
利锋线带,124.7
永福新村,124.7
长塘,124.7
灵芝组团,124.7
圳塍村,124.7
咸亨酒店食品公司,124.7
天宇绿色包装公司,124.7
漓渚镇人民医院,124.7
仁让堰一期,124.7
光明居委会,124.7
茶香苑,124.7
蜂场,124.7
宏盛大厦,124.7
汇龙山庄,124.7
董郎岗村,124.7
碧波庄园,124.7
文理学院附中,124.7
状元名园,124.7
前后坪村,124.7
东茂工业园区,124.7
新都会,124.7
国庆村,124.7
前进村,124.7
浦东新村,124.7
门前江,124.7
金色丽都,124.7
棠村村,124.7
唐龙家园,124.7
共何村,124.7
白岩村,124.7
鹿山小学,124.7
东澄村,124.7
诸暨中学,124.7
丰利粉碎设备公司,124.7
塘湾村,124.7
中南公寓,124.7
桥南村,124.7
钟林雅苑,124.7
侨都一品,124.7
森海豪庭大酒店,124.7
尹家坂村,124.7
丽都花园,124.7
新宅村(磊石坑),124.7
东豆姜村,124.7
时代广场,124.7
双堰工业区,124.7
蔡婷婷-政企经理,124.7
长岭村,124.7
海通印染,124.7
艮塔东路46号,124.7
农村合作银行,124.7
云海人家,124.7
三联村,124.7
吴家楼村,124.7
三江新村,124.7
枫都嘉苑,124.7
永兴小区,124.7
百大宾馆,124.7
广山村,124.7
金山御景苑,124.7
联丰居委会,124.7
岑仓村,124.7
中巷村,124.7
山头村,124.7
裘海军-政企经理,124.7
东周安置小区,124.7
道林山村,124.7
富邦玛凯龙,124.7
浙江中财,124.7
福星山庄,124.7
惠风名都,124.7
舒村,124.7
应店街村,124.7
前江工业区,124.7
马灵红-政企经理,124.7
袍江村,124.7
金村工业区,124.7
绿城玫瑰园,124.7
东山村,124.7
小泉溪村,124.7
稽山特宽,124.7
东方名筑,124.7
王家庄居委会,124.7
三星村,124.7
彭顶山村,124.7
中央宅村,124.7
黄岙村,124.7
立新农贸柯北统包六组,124.7
供电局宿舍,124.7
新电信大楼,124.7
白鹭金滩听涛园,124.7
白马公寓,124.7
东塘村统包六组,124.7
南都花园,124.7
大西庄村,124.7
若耶明珠,124.7
山隐新村北区,124.7
陈村,124.7
江滨社区,124.7
斗门镇政府,124.7
和家园,124.7
石下坑村,124.7
工农路口,124.7
东星村,124.7
供水公司,124.7
化工园区西区南,124.7
国土新大楼,124.7
沙弄村,124.7
汉莎羽绒,124.7
永铭大厦,124.7
金水公寓,124.7
金家工业园区,124.7
胶囊市场,124.7
漓渚花市小区,124.7
中镇庙,124.7
丁香园,124.7
青桥村,124.7
城西三苑,124.7
金杜岭,124.7
明业印染,124.7
上家湖村,124.7
南山嘉苑,124.7
祝谢村,124.7
天玺名座,124.7
集体村,124.7
陈荷艳-政企经理,124.7
浪坑村,124.7
华越纺织,124.7
创荣工业区,124.7
柯岩中学,124.7
峰景花园,124.7
工行绍兴分行,124.7
马弄东区,124.7
杨树坪村,124.7
舜岸村,124.7
兴海村,124.7
安江村崇仁统包四组,124.7
清华苑,124.7
建吴居委会,124.7
海塘工业区,124.7
狮子居委会,124.7
袍江发展大厦,124.7
江东路30号,124.7
银杏村,124.7
北六区,124.7
郭汶协-商客经理,124.7
五联村,124.7
大道中路251号,124.7
西奕村,124.7
三江花苑,124.7
朱家草塔支局统包一组,124.7
龙门,124.7
潘村,124.7
埠头村,124.7
湖口村,124.7
会展中心,124.7
鼎立装饰,124.7
石佛,124.7
五夫村,124.7
兴旺街,124.7
天星里,124.7
华宇镜水苑,124.7
假日新天地,124.7
裕晟生物科技,124.7
新昌石城大酒店,124.7
大通贸物中心,124.7
双埠村,124.7
银春新苑,124.7
强头村,124.7
开发区三环人民西路北,124.7
马山市场,124.7
西洋?公寓,124.7
上来村,124.7
东林村,124.7
灵水,124.7
陈家村,124.7
天乐电声,124.7
樊浦村,124.7
越泉小区,124.7
方正纸箱厂,124.7
雅致村,124.7
城西二苑15幢光交,124.7
华冠新型材料,124.7
金地铂悦,124.7
昌安东村,124.7
铭康大厦,124.7
建行,124.7
南二村,124.7
绍兴安昌新万年针纺厂,124.7
绍兴天下闻涛苑,124.7
坎一村,124.7
秀竹园,124.7
肖港村,124.7
西杜村统包八组,124.7
长顺路,124.7
浔阳村,124.7
中金名流世家,124.7
世邦万祥城,124.7
陈村,124.7
李村一村,124.7
创佳工业园区,124.7
邱村,124.7
郑家岙村,124.7
兴越东区,124.7
新五,124.7
临虞村,124.7
绍钢四村,124.7
北联市场柯中统包五组,124.7
朝阳居委会,124.7
德隆新村,124.7
丝织厂宿舍,124.7
青藤苑,124.7
郭渎村,124.7
大钱门小区,124.7
汇金大厦,124.7
原热电厂,124.7
盘龙里,124.7
运河人家霞川坊,124.7
后岱山村,124.7
浦南村,124.7
新河弄口,124.7
东安五区,124.7
雅安村,124.7
金色年华,124.7
敬老院,124.7
天乐大院,124.7
赵蕾蕾-商客经理,124.7
金湖社区,124.7
城市之星,124.7
蜀埠村,124.7
巧英村,124.7
轻纺物流,124.7
管墅小区,124.7
鼓山中学,124.7
郑倩倩-政企经理,124.7
集亚物流,124.7
福全电信支局,124.7
规划用地(中梅),124.7
外事办,124.7
杨江村,124.7
苛曼居家,124.7
新华书店,124.7
双祥纺织,124.7
回山中学,124.7
黄潭村,124.7
天地公寓,124.7
兴华标准厂房,124.7
绿景花园,124.7
第四人民医院,124.7
三江园区4,124.7
姜村,124.7
九纺厂,124.7
城南新村,124.7
新昌城西电信大楼,124.7
上下文,124.7
跨湖桥,124.7
梅市水庄北区,124.7
马鞍二村,124.7
阳光城檀院,124.7
未落网格,124.7
望花小学,124.7
新光村,124.7
中眉岙村,124.7
杜浦村(道墟统包五组),124.7
雅沈村,124.7
常禧路2号,124.7
鸿通金宇苑,124.7
瑞芬特纺织服饰,124.7
前1.2.3.4居委会,124.7
新时代制衣商住楼,124.7
楚天轻纺,124.7
浣南村,124.7
孙家桥居委会,124.7
国邦宿舍,124.7
大桥东路50,124.7
日月花园,124.7
东街,124.7
凯迪钢塑,124.7
桃园小区,124.7
沈家庄,124.7
南都宾馆,124.7
义杜村,124.7
市第一医院,124.7
钱哲渭-商客经理,124.7
兴城花园30幢,124.7
儿童公园,124.7
钱上村,124.7
马山小企业,124.7
德济苑,124.7
华翔纺织,124.7
县中心幼儿园,124.7
绍兴市运输管理处,124.7
大市聚村大市聚支局统包二组,124.7
漓渚镇政府,124.7
钱门商城,124.7
五埠村,124.7
和成花苑,124.7
广安新村,124.7
柯笛花园,124.7
花明泉村,124.7
荷花新村5幢,124.7
大道西路169-321号,124.7
大炜针织机械,124.7
花街村,124.7
新昌体育馆,124.7
南池鉴园,124.7
金都水立方,124.7
竹田头村,124.7
凌江岸居委会,124.7
市心街,124.7
龙泉,124.7
王家年村,124.7
永泰村,124.7
瓜渚湖住商楼,124.7
维多利亚庄园,124.7
宏泽苑,124.7
大众印染,124.7
廿八都村,124.7
珈源纺织,124.7
石笋山村,124.7
陈蔡村,124.7
中瑞大厦,124.7
赤土村,124.7
棣和园,124.7
诸阳村应店街支局统包五组,124.7
福东花园东区,124.7
地勘局宿舍,124.7
袍江汽车城,124.7
柯桥人民检察院,124.7
丁界寺,124.7
东泽庄园,124.7
杨港村,124.7
楚通纺织,124.7
法院,124.7
中联村(道墟统包二组),124.7
和润花园,124.7
南星村,124.7
西小路北,124.7
梅东,124.7
解放村,124.7
海虹印染,124.7
北海苑,124.7
灵北安置小区,124.7
赏？村,124.7
柔遁弄散户楼群,124.7
丽樟村,124.7
康福托电子,124.7
工农五苑,124.7
塘坞,124.7
九州化纤,124.7
后村家园,124.7
徐家培村,124.7
白云山庄,124.7
盛陵村小学,124.7
何良-政企经理,124.7
蒙卡尔,124.7
新嵊汽车城,124.7
胜利村,124.7
宝汇大厦2,124.7
金庄村,124.7
湖景中央花园,124.7
上虞海关,124.7
绿洲苑,124.7
上南庄村,124.7
鲁兴公寓,124.7
药监局,124.7
三踏步,124.7
赵婆岙村,124.7
龙德环保,124.7
金城家园,124.7
次坞新村,124.7
天河时代,124.7
金鑫大厦,124.7
伽瑞印染,124.7
绿源村,124.7
兰羽家纺,124.7
下坑村,124.7
浦阳新村,124.7
府山公园,124.7
蜀风村,124.7
玲珑湾小区,124.7
藕泾村,124.7
绿城桂花园,124.7
富陵村,124.7
铭仕广场,124.7
原料市场,124.7
兼溪村,124.7
银证大厦城中支局统包十组,124.7
黄金水岸,124.7
丰民路5号,124.7
珠宝城1*公寓楼,124.7
石磁村,124.7
嵊州大酒店,124.7
信心村,124.7
亭山桥村,124.7
金田村,124.7
未落网格,124.7
中海世纪公馆,124.7
浙江越盛集团,124.7
越龙纺机,124.7
石马山小区,124.7
山南村,124.7
塔山竹木市场,124.7
雷克萨斯,124.7
紫悦城,124.7
红联新村,124.7
竹林苑小区,124.7
第四地质大队,124.7
金立大厦,124.7
金地商置,124.7
云鼎纺织,124.7
平水地税分局,124.7
保险公司,124.7
西门新村,124.7
俞谢骆村,124.7
童装城,124.7
鼓山新村29-51幢,124.7
上虞宾馆,124.7
龙湖原著,124.7
鹿鸣花园,124.7
浣江公园,124.7
经贸局,124.7
浙江工业职业技术学院,124.7
前岩村,124.7
王子制线,124.7
杨浜村,124.7
外山村,124.7
新昌大道6弄,124.7
沈村,124.7
绿城新天地,124.7
龙山村,124.7
东风酒厂,124.7
天池苑南区,124.7
牌上,124.7
金宝利印染公司,124.7
磕下村七星统包十一组,124.7
金桥花园,124.7
环球大厦,124.7
迅宇染整,124.7
绿化,124.7
洞桥新村北区,124.7
车站宿舍,124.7
东馨花园,124.7
杨凌湖村,124.7
大葛村,124.7
惠日桥,124.7
城关三小,124.7
？溪村,124.7
皇甫庄村,124.7
下中西村三江统包九组,124.7
联新桥村,124.7
开发区人民大桥南,124.7
张念宅村,124.7
齐贤迎福小区,124.7
大干溪村,124.7
蕺山新村,124.7
丝织厂宿舍,124.7
银河湾,124.7
南洲村,124.7
金诺服饰,124.7
四联村,124.7
众安公寓,124.7
绍兴人民医院城东分院,124.7
大院里村,124.7
中医院,124.7
振贤小区,124.7
宝利纺织,124.7
凯越大酒店,124.7
沃基村,124.7
苑江公寓,124.7
石浦鱼港大酒店,124.7
局前街,124.7
横山村,124.7
凤仪新村,124.7
峰泽景园,124.7
新合作村,124.7
东浦村东浦统包四组,124.7
绿海公寓,124.7
未落网格,124.7
林杨-政企经理,124.7
敦煌新村,124.7
椰树集团,124.7
湖塘东风酒厂,124.7
治古坞村,124.7
县气象局,124.7
安桥头,124.7
章伊-政企经理,124.7
遗风村,124.7
李丰村,124.7
三江园区2,124.7
地雅园村,124.7
森海豪庭槐树园,124.7
小柏村,124.7
浣丰,124.7
西杜村统包五组,124.7
污水处理中心,124.7
西街,124.7
横联村澄潭镜岭统包一组,124.7
范雪莲-政企经理,124.7
珠宝城3，4号公寓楼,124.7
新华,124.7
五洲村,124.7
丰泽苑,124.7
中宇阳光大厦,124.7
市场监督局,124.7
孟尝村,124.7
上虞市民中心,124.7
夹塘公寓,124.7
太平村,124.7
丁香公寓,124.7
七星花园,124.7
大光明玻璃公司,124.7
来益生物,124.7
新昌国税局,124.7
通用机械厂,124.7
丝织总厂宿舍,124.7
大树江小区南区,124.7
嘉禾花园,124.7
上徐村,124.7
墨城坞村,124.7
龙恩大厦,124.7
空地1,124.7
艇湖里,124.7
后坂村,124.7
城南路,124.7
万丰香樟公馆,124.7
锦绣嘉苑,124.7
谢家坞兰亭统包三组,124.7
下马村鹿山统包七组,124.7
勾嵊,124.7
春江名都,124.7
五峰山庄,124.7
江墅村,124.7
横江村,124.7
谢墅村,124.7
陈宅,124.7
马铁新村,124.7
万安科技,124.7
长林,124.7
海亮,124.7
青马村富盛统包二组,124.7
七眼桥,124.7
灵芝镇立岱村,124.7
西子公寓(一期),124.7
号码百事通大楼,124.7
马塘村,124.7
剡溪花园,124.7
湖塘村,124.7
南山湖村,124.7
商检局,124.7
渔村,124.7
奥利亚,124.7
凤江住商楼,124.7
老富润,124.7
叶家堰村,124.7
旺庭公馆,124.7
山水人家,124.7
华锦锦园,124.7
雷迪森万锦大酒店,124.7
李勇-政企经理,124.7
东香翡翠雅苑,124.7
陈丹丹-政企经理,124.7
王家市村,124.7
万达广场购物中心,124.7
尹家村,124.7
章村路村,124.7
德能钢构,124.7
天一家园,124.7
前梅村,124.7
后陈,124.7
亿兆大厦,124.7
宝石路(东南村),124.7
君豪花园,124.7
东方金座,124.7
服装市场,124.7
绍钢一村,124.7
杨梅坪村,124.7
张娄小区,124.7
盾安悦新城,124.7
技监局,124.7
四明村,124.7
雀嘴村,124.7
平山村,124.7
国际大酒店,124.7
福全人民医院,124.7
国税局,124.7
湖东公寓,124.7
高速驾校援救中心,124.7
潘家陡村,124.7
丰南村,124.7
东山村,124.7
公路段,124.7
三江村,124.7
丰润滨河公寓,124.7
相公殿,124.7
南屏公寓,124.7
西华村,124.7
蔡江村,124.7
青甸湖小区行宫山坊,124.7
盛卉卉-政企经理,124.7
管家岭村,124.7
塔山新和成宿舍,124.7
怡园新村,124.7
三角道地,124.7
西山村拔茅支局统包一组,124.7
平水村,124.7
恒昌集团,124.7
渔港,124.7
文理住宅小区,124.7
春江印染厂,124.7
唐叶村,124.7
金桥园,124.7
香湖郡小区,124.7
海角村,124.7
广宏花苑,124.7
轻纺城汽车站,124.7
柯桥明园,124.7
义井,124.7
澄潭初级中学,124.7
凤山路劳动路东,124.7
体育馆,124.7
茅洋村,124.7
涤纶厂,124.7
米兰大厦,124.7
马溪村谷来统包三组,124.7
新河苑小区,124.7
富西新村,124.7
戴溪村,124.7
新旭,124.7
路南工业园区,124.7
三江口村,124.7
久利苑,124.7
荷湖村,124.7
万宝纺织,124.7
兴华村,124.7
新中花园,124.7
王沙溪,124.7
电力新村,124.7
未落网格,124.7
东江小区,124.7
金亿家纺,124.7
宾舍工业园区,124.7
冠南针纺,124.7
润都苑,124.7
月泉山庄,124.7
汽车西站,124.7
上和,124.7
天龙大厦,124.7
国商购物广场,124.7
宋家娄村,124.7
骏驰车业,124.7
路东村,124.7
立新南区,124.7
白龙潭村,124.7
丁立萍-商客经理,124.7
华阳大厦,124.7
李氏铜业,124.7
凯特新材料,124.7
湖滨商业区,124.7
瓜渚绿洲,124.7
铲还湖村,124.7
梅墅村,124.7
吴江塘下,124.7
江滨东路,124.7
赞成雍景园,124.7
伊丽莎衣业,124.7
西施故里湿地,124.7
东里村,124.7
蓝天颐和园,124.7
渔溪村,124.7
联盟村,124.7
三丰服饰,124.7
向阳公寓,124.7
毛纺厂,124.7
物华纺织,124.7
邵家娄村,124.7
同兴,124.7
陶红-政企经理,124.7
肖港坊,124.7
亿通配件,124.7
金凤凰制衣,124.7
万盛控股有限公司,124.7
晋公桥住宅,124.7
大道东路289号,124.7
福年十四亩头,124.7
人民医院江东分院,124.7
天龙制衣,124.7
华东纺织印染,124.7
涂山公寓,124.7
樊江村,124.7
鹅境人才公寓,124.7
农副产品交易中心,124.7
华南纺织印染,124.7
十四都村,124.7
章勇-商客经理,124.7
小商品市场,124.7
绍兴县国泰印染公司,124.7
大池弄,124.7
中国银行,124.7
人才大楼,124.7
元垄商务楼,124.7
世贸名流,124.7
德隆社区,124.7
秦望公寓,124.7
石溪村城中统包区七组,124.7
滨海电信局,124.7
里亭村,124.7
楼家小区,124.7
题扇桥,124.7
联合村,124.7
倪家娄,124.7
大砩口村,124.7
逵溪村,124.7
冯彪-政企经理,124.7
城南中学,124.7
东圃社区4,124.7
钱清镇政府,124.7
汇达公司,124.7
玫瑰园小区,124.7
创意大厦,124.7
棠一村福全漓渚统包三组,124.7
星悦湾,124.7
观音堂,124.7
金蝉经编,124.7
道墟泾口工业区,124.7
上路西村,124.7
春晖村,124.7
时代乐,124.7
浙江上三高速公路新昌管理所,124.7
镇南村,124.7
陈梁-政企经理,124.7
柯东综合服务中心,124.7
新时代染整,124.7
国际村,124.7
白沙村,124.7
路东工业区,124.7
屠家埠村,124.7
蔚兰星城,124.7
滨海新城工业区东,124.7
农行(银证大楼),124.7
中央假日,124.7
广电小区,124.7
兴宽五金,124.7
元垄浪琴湾公馆,124.7
大祝村,124.7
鉴湖村,124.7
荣怀中学,124.7
沈河村,124.7
江东北路,124.7
恒利新村东4区,124.7
布莱尼家私,124.7
万湖村,124.7
湖东景园中区(锦中嘉苑),124.7
范美娟-政企经理,124.7
俞磊-政企经理,124.7
原福利厂,124.7
张村,124.7
梁湖街,124.7
彦坑村,124.7
朱公湖11幢,124.7
山汀村,124.7
景瑞御江山,124.7
联盟新村,124.7
棠里坞,124.7
乐清别墅,124.7
第二印染厂(光辉制版),124.7
冠叶制衣有限公司,124.7
人民东路四弄,124.7
祥生新世纪小区,124.7
孝女庙村,124.7
五福小区,124.7
城北电信局,124.7
白岩村,124.7
泰山村,124.7
王坛电信局,124.7
鹿山影城,124.7
永和大桥,124.7
云溪香山,124.7
育才小区,124.7
勤联村(崧厦统包五组),124.7
城隍山别墅区,124.7
建材城,124.7
党校,124.7
咸亨大酒店,124.7
绍钦厂,124.7
上虞汽车西站,124.7
耿基建材市场,124.7
国际物流中心,124.7
新戴家村,124.7
马郦村,124.7
新豆姜村,124.7
莼塘雅苑,124.7
凤山新村,124.7
电影院,124.7
漩泽墅村,124.7
锦水湾小区,124.7
海洲国际,124.7
梅坞村,124.7
西门冲片,124.7
胡衣村,124.7
玲珑小筑,124.7
唐山村,124.7
湖山花园,124.7
南环加油站,124.7
越厦花园,124.7
洋渎工业小区,124.7
森海豪庭榆树园,124.7
王家年村,124.7
旧里村,124.7
武勋坊,124.7
易邦医用品新厂房,124.7
春晖苑,124.7
大钱村,124.7
蒲荡夏村,124.7
天镜南苑东区,124.7
坡塘村,124.7
华越景苑,124.7
朱家泾村,124.7
绿城小区,124.7
吕一文-商客经理,124.7
灵芝镇人民医院,124.7
温馨花园(外),124.7
东湖镇中心小学,124.7
欣泰小区,124.7
鼓山新村64/54幢,124.7
益秀纺织,124.7
亚旭昌食品,124.7
华东水暖城市场,124.7
金地自在城,124.7
东塘村,124.7
新西泉村,124.7
腾翔纺织,124.7
鹿山统包九组,124.7
海角寺枫桥支局统包一组,124.7
平湖村,124.7
三江派出所,124.7
珠海村,124.7
星海湾锦苑,124.7
向阳村,124.7
北海综合市场,124.7
城东原泰坦纺机厂,124.7
晨光村,124.7
二毛纱业有限公司,124.7
启利兴光可可,124.7
轴承厂,124.7
凯丽商务宾馆,124.7
西施故里,124.7
浙江农林大学暨阳学院,124.7
新城公寓,124.7
州山村,124.7
天杰印染,124.7
电视台,124.7
浣江商务楼,124.7
金河新村,124.7
天车罗,124.7
五蓬新村,124.7
何家?村,124.7
东王村,124.7
普灵,124.7
森海豪庭榆林园,124.7
尚豪国际,124.7
上虞火车站,124.7
静宁巷,124.7
藏元时代,124.7
南风大酒店,124.7
依海汽车内饰,124.7
寨头村,124.7
宋文雅-政企经理,124.7
长乐四村,124.7
伯龙特宽,124.7
鸿运家园,124.7
金凤山庄,124.7
锦晨大厦,124.7
兴越北区,124.7
新民村,124.7
公交公司,124.7
拜耳建材,124.7
西丁村,124.7
八字桥村农民公寓,124.7
华山居委会,124.7
工商局,124.7
潜溪花园,124.7
嵊州二中,124.7
老车辆厂,124.7
华侨新村,124.7
孙家田村,124.7
上下真村,124.7
大湖村,124.7
梅园小区,124.7
澄港,124.7
恒利新村东3区,124.7
恒久机械,124.7
五联村,124.7
沙溪村沙溪支局统包一组,124.7
霞浦村,124.7
福乐小区,124.7
艾利特大楼,124.7
华越微电子,124.7
艇湖花园,124.7
阿太克制品,124.7
联星村,124.7
马山镇中学,124.7
锦？坑村,124.7
鉴水人家三期,124.7
兰亭书法院,124.7
中利居委会,124.7
官塘村,124.7
黄龙刺绣,124.7
越园,124.7
烟草公司,124.7
同文苑5幢旁,124.7
下山泊村,124.7
通源村,124.7
河清公司,124.7
城郊村,124.7
金桥商务楼,124.7
板西村,124.7
金家站村,124.7
凤山新村,124.7
柯桥电信局(老局),124.7
人民东路2号,124.7
五洲大酒店,124.7
望花东区,124.7
绿都花苑,124.7
钱清钱清统包八组,124.7
钱清钱清统包八组,124.7
金通华府,124.7
球山,124.7
江桥居委会,124.7
外来人员生活区,124.7
庄山村,124.7
宏成制衣,124.7
金恒大厦,124.7
鞋子畈,124.7
下沙地村甘霖统包三组,124.7
国庆印染厂,124.7
阳光商务大厦,124.7
莲西村,124.7
气象站,124.7
金浦桥,124.7
中成集团,124.7
富丽花园,124.7
贝斯特财富广场,124.7
狮子山外来人口公寓,124.7
虞东村,124.7
相公殿社区3,124.7
新昌农商银行,124.7
科盛饲料厂,124.7
崇仁四五村崇仁统包七组,124.7
金笛新村,124.7
恒利新村东2区,124.7
房改办,124.7
滨江中学,124.7
施坞闹桥村,124.7
供销大厦,124.7
恒业家园,124.7
福年花园,124.7
绍钢集宿,124.7
保利二期,124.7
梅盛阳光苑,124.7
会稽苑,124.7
朱家坞村,124.7
赞成香林,124.7
一百淘宝城,124.7
白泥墩村,124.7
林立欣园,124.7
红门村,124.7
斯宅村,124.7
联社大楼,124.7
金山村,124.7
梅三村,124.7
泄下村,124.7
枕河人家,124.7
东园村,124.7
石苎村,124.7
国茂大厦,124.7
南明路2幢,124.7
鼎丰铝业,124.7
红星美凯龙,124.7
孔村,124.7
新丝路布业,124.7
滨海公安局,124.7
客运中心,124.7
湖村桥村崇仁统包五组,124.7
明珠苑,124.7
特种钢厂,124.7
茶亭新村,124.7
红江村,124.7
盛新公寓,124.7
求家坎村,124.7
新三联村,124.7
菲达,124.7
李江锋-政企经理,124.7
湖中村,124.7
花园新村北区,124.7
丰润服饰,124.7
城南花园,124.7
大浦平村,124.7
国家档案馆,124.7
世禾新村,124.7
浦阳新村城北支局统包七组,124.7
丽都雅苑,124.7
上三村,124.7
龙华大厦,124.7
昌安桂花苑,124.7
贾桥村,124.7
时代春天,124.7
叶家堰沙场,124.7
五泄公寓,124.7
彩虹名家,124.7
鲁鑫家纺,124.7
王明堂村,124.7
西湖桥村农民公寓,124.7
东杨湾村,124.7
延安路散户楼群,124.7
东堰村,124.7
汇鑫大厦,124.7
一江两岸,124.7
贝思特钉业,124.7
石马坞村,124.7
同源,124.7
蔡林村(松厦支局),124.7
韩晓春-政企经理,124.7
巽迪陈村,124.7
上海佳洁快运,124.7
人医老5幢,124.7
湖畔林雨,124.7
龙溪村,124.7
鲁易小区,124.7
嘉禾商务楼,124.7
马山综合市场,124.7
新昌文化中心,124.7
天工名爵府,124.7
水产开发,124.7
谢强-客户经理,124.7
莲东村,124.7
小湖新村,124.7
牌头镇中,124.7
后孟葑村,124.7
阮氏酒家,124.7
剡城路449号等,124.7
日晖弄,124.7
祥泰,124.7
汽车东站,124.7
美多电器,124.7
泉清村,124.7
联防村,124.7
绿洲新村,124.7
娥二居委会,124.7
青山岭村,124.7
出入境检疫局上虞办事处,124.7
凯盛大厦,124.7
新港小区,124.7
兴祥制衣,124.7
东圃邮电宿舍,124.7
越鑫家园,124.7
供销技校,124.7
清溪村,124.7
塔山村,124.7
梁家埠新村,124.7
轿仕背后,124.7
艾耐特日凌,124.7
双溪村,124.7
丁巷村,124.7
新昌县万丰集团,124.7
卡丽娜服饰,124.7
大地,124.7
胜利路北,124.7
华源小区,124.7
大道西路327号,124.7
湖头村安华支局统包三组,124.7
五云村,124.7
山水名家君园,124.7
绿城玫瑰园听雨苑,124.7
山支头村,124.7
名都苑,124.7
农业银行,124.7
罗南村,124.7
居安华庭,124.7
桐中井村,124.7
国商大厦,124.7
征天荣城,124.7
越崎中学,124.7
御景湾,124.7
新昌县三花集团,124.7
严丹赤村,124.7
汽车东站,124.7
东湖菜场,124.7
王渡里村,124.7
力博稽山庄园樱花苑,124.7
七星二村,124.7
杭郭村,124.7
姜王村,124.7
康思特动力,124.7
仁渎村,124.7
佳晨包装制品,124.7
杨家楼草塔支局统包四组,124.7
天利园区,124.7
长春苑,124.7
天马星厂房,124.7
汽车东站,124.7
塘湾村,124.7
洋塘村,124.7
陶居苑,124.7
长娄村,124.7
东楼村,124.7
和平村,124.7
上谢墅村新农村建设小区,124.7
永生化纤,124.7
官河横路1,124.7
董村,124.7
红旗村,124.7
赐绯庙,124.7
西湖村,124.7
鸿玺公馆,124.7
滨江小学,124.7
公交总公司三分公司,124.7
墨庄,124.7
邮电联营站,124.7
王化村,124.7
人民医院,124.7
联营服装厂,124.7
上朱部村,124.7
中医院,124.7
阳光路10幢,124.7
欧亚薄膜,124.7
安昌工业园区(万通片),124.7
安昌别墅区,124.7
恒利新村西2区,124.7
绍兴中专,124.7
祝家庄村,124.7
人民法院,124.7
柘林移民区,124.7
华通花园,124.7
联通新大楼,124.7
拔茅村拔茅支局统包五组,124.7
丰瓦村澄潭支局统包三组,124.7
美景新村,124.7
草塔国土所,124.7
时代潮城,124.7
王?阳-政企经理,124.7
富润大厦,124.7
原人武部,124.7
外府山桥,124.7
城东开发委,124.7
东方花园,124.7
盛都花园,124.7
水景公寓,124.7
西街村,124.7
上虞外国语学校,124.7
江藻村,124.7
新庙桥,124.7
若航直升机场,124.7
阳光花园小区,124.7
中梅村,124.7
绍兴县雷绣进出口有限公司,124.7
南方控股,124.7
钱王阁商务楼,124.7
中恒大厦,124.7
支山村,124.7
绿城(暂定),124.7
江东南路,124.7
西子庙,124.7
青廷坞村,124.7
紫洪山村,124.7
望龙公寓,124.7
书香名城,124.7
人民法院,124.7
嘉凯城.城市客厅,124.7
铜坑村,124.7
上庄路,124.7
越剧博物馆,124.7
实验中学,124.7
东兴一区,124.7
县公交公司,124.7
合新村,124.7
人武部,124.7
漫池村,124.7
镇东村,124.7
友谊村,124.7
竺家坑村,124.7
唐皇苑北区,124.7
信杨公司,124.7
府山直街,124.7
运河人家蓬莱坊,124.7
内五甲村,124.7
杰升纺织厂,124.7
秦望大酒店,124.7
重庆啤酒厂,124.7
夹塘村,124.7
盛琴琴-政企经理,124.7
暨阳初中,124.7
王徐莹-政企经理,124.7
国家电网,124.7
建行大楼,124.7
五爱幼儿园新心分园,124.7
老百姓粮油合作社,124.7
高温印染厂,124.7
大叶池小区北区,124.7
前村,124.7
桂花园小区,124.7
暨南村,124.7
兰香园,124.7
华维中小学,124.7
新光村(崧厦统包一组),124.7
安昌奕华针织,124.7
车头村,124.7
天鸿国际,124.7
县邮政局,124.7
任家塔小区,124.7
居桥安村,124.7
新柴新村,124.7
县交通管理中心,124.7
华强纺织印染,124.7
运河人家霞西坊,124.7
田芦自然村,124.7
上礼泉工业区,124.7
双峰,124.7
年岙村,124.7
水帘村,124.7
湖安个私园区,124.7
城站国际广场,124.7
精品广场,124.7
西上沙村,124.7
江东新村2幢,124.7
凤旺村,124.7
圳塍村,124.7
楠意祥服饰,124.7
越北村,124.7
中兴村,124.7
壶殇村,124.7
坎头村新村,124.7
欧柏斯,124.7
彭家堰村,124.7
金谷饭店,124.7
庄后王村,124.7
紫晶园,124.7
杨家山村,124.7
长乐别墅,124.7
五里亭,124.7
金墅村,124.7
路南村,124.7
蛟镇村,124.7
八一新村,124.7
朱军－商客经理,124.7
城西小学,124.7
翰林越府,124.7
森海豪庭樟林园,124.7
鸿盛铭邸,124.7
上许村,124.7
合成景园熙园,124.7
西横河新村3区,124.7
禾名塑胶公司,124.7
福利环保科技,124.7
三和,124.7
前园村统包四组,124.7
清水嘉苑,124.7
大门村,124.7
文化广场,124.7
孟家塘村,124.7
滨海新城海涂跨海大桥,124.7
易居公馆,124.7
中国人民银行,124.7
华生物纺,124.7
幸福家园,124.7
城西二苑4幢光交,124.7
城关中学,124.7
东池花园,124.7
锚泊服务区,124.7
人民东路107号,124.7
平山村,124.7
蓝盾公寓,124.7
恒美厂,124.7
应天苑,124.7
华宇兰园,124.7
创艺服饰(彩虹庄),124.7
奥克特家纺,124.7
万和丽都,124.7
西化畈,124.7
双坞村,124.7
草塔法院,124.7
上礼泉村城西统包区三组,124.7
亚太染织,124.7
滨桥村,124.7
中海国际,124.7
高田头村,124.7
柱山村大唐支局统包九组,124.7
三溪村,124.7
昆岙村,124.7
润和苑,124.7
新纪元,124.7
永兴化工厂,124.7
咸亨热电公司,124.7
钱清电厂,124.7
润和庄园(别墅),124.7
留下庄村,124.7
鉴湖景园,124.7
三江花园,124.7
汤浦工业区,124.7
新乐纺织,124.7
星辰首府,124.7
绍钢三村,124.7
浙江省上虞中学,124.7
宏晟印染,124.7
石山屏村,124.7
丝织厂,124.7
南岸花园,124.7
南桥路,124.7
洄村,124.7
黄泾村,124.7
陈国庆-政企经理,124.7
运河人家梅仙坊,124.7
大古年村,124.7
高速服务区,124.7
中兴防护科技,124.7
新乐村,124.7
屠家坞村,124.7
西瓜园,124.7
王春丹-政企经理,124.7
名都苑,124.7
小赭村委会,124.7
马铁厂宿舍,124.7
开口岩村,124.7
灵芝镇潞阳村,124.7
金色家园,124.7
溪南,124.7
五金水暖城,124.7
花街骏业羽球有限公司,124.7
大自然服饰,124.7
清风村,124.7
人利工业园区,124.7
远东化纤,124.7
下元塘社区1,124.7
鲁宁消防设备,124.7
协兴村,124.7
江滨新村,124.7
枫一村,124.7
寺新村,124.7
高立大厦商务楼,124.7
供销商务楼,124.7
双宇纺织,124.7
上畈村,124.7
五美村,124.7
绍兴工业大厦,124.7
丰棉村(棉粮村),124.7
干溪村,124.7
柯东加油站,124.7
玛格丽特大酒店,124.7
齐乐村,124.7
磕下村新昌七星统包区五组,124.7
朱光村,124.7
上虞工商局,124.7
祥生商务楼,124.7
澄湾村,124.7
绿色集团,124.7
朝晖苑,124.7
镜岭村,124.7
立盛印染,124.7
光相村,124.7
下宅村,124.7
实验小学,124.7
快阁苑霞秋坊,124.7
蒋村村,124.7
南苑小区,124.7
江东社区湄池支局统包九组,124.7
越商大厦,124.7
中义村,124.7
许村,124.7
青白石村,124.7
梅巷小区,124.7
蓝宝石公寓,124.7
袍江公交公司,124.7
立新北区,124.7
金汇大厦,124.7
鹅境村,124.7
西畈公寓,124.7
东圃社区3,124.7
塘北村,124.7
湖头,124.7
鼎盛时代大厦,124.7
蟠溪村,124.7
和畅堂晋公桥散户楼群,124.7
小潭村,124.7
茂盛化纤,124.7
现代大厦,124.7
金泰江南春,124.7
湖头村,124.7
路政大队,124.7
白莲堂社区2,124.7
宏亮针纺,124.7
诚盛铜业,124.7
东瓦村,124.7
平水人民医院,124.7
临江安华支局统包六组,124.7
创艺服饰,124.7
大宅里村,124.7
木马？村,124.7
大生村,124.7
百草园公寓,124.7
新叶小区,124.7
大厍居委会,124.7
飞跃村,124.7
万峰花园,124.7
小皋埠村,124.7
金色家园,124.7
银江村,124.7
小村,124.7
汇同蓄电池有限公司,124.7
相公殿社区5统包三组,124.7
藕芽池,124.7
飞跃闸村,124.7
舜耕新村东区,124.7
莼塘西村,124.7
广电中心,124.7
天鸿广场,124.7
西山村拔茅支局统包五组,124.7
江南路原泰坦厂区,124.7
东誉达,124.7
殿前村,124.7
董溪村,124.7
绍兴县宏集纺织品,124.7
新魏家庄村,124.7
钟楼南村,124.7
滨海湾,124.7
上窑村,124.7
里小将村,124.7
骏浩华庭,124.7
前进齿轮,124.7
齐贤村,124.7
京华新村,124.7
枫林华庭,124.7
城东电信支局,124.7
越秀外国语学院,124.7
金庭村黄泽统包四组,124.7
马慢桥村,124.7
东白山村,124.7
新昌邮政银行,124.7
精工宿舍区,124.7
永兴花园,124.7
宋家村,124.7
五洲花园,124.7
宋马村,124.7
幼儿园早教中心,124.7
郑庄村,124.7
阮港村兰亭统包三组,124.7
新民村,124.7
惠灵花园,124.7
博华服饰,124.7
秀水苑梅兰阁,124.7
双桥村,124.7
郯城村,124.7
尚品国际,124.7
舜江村(上浦统包四组),124.7
昌安农贸市场,124.7
凰桐村,124.7
和门程村,124.7
人大代表活动中心,124.7
国税大楼,124.7
树人小学东校区,124.7
前观巷,124.7
梨木村,124.7
钱清人民医院,124.7
丹家村,124.7
精品领带城,124.7
青年路,124.7
建银大厦,124.7
白果小区,124.7
丁家园村,124.7
河杨,124.7
葫芦岙村,124.7
肖金村,124.7
江东新村38幢,124.7
龙潭背村,124.7
金鱼湾新村,124.7
越剑集团,124.7
望花西区,124.7
高湾村,124.7
五星村,124.7
珠桥村,124.7
闰土大厦,124.7
家私城,124.7
嘉德金属薄板,124.7
江东中路,124.7
绍兴包装厂,124.7
花王布业,124.7
汇银大厦,124.7
七里村,124.7
旧城办,124.7
赛车场,124.7
百福园,124.7
谢幕村,124.7
未落网格,124.7
三阳村,124.7
光荣村,124.7
万豪箱包有限公司,124.7
昂利康药业2,124.7
宅下丁村,124.7
金色阳光,124.7
凌江村,124.7
下路西村,124.7
博爱医院,124.7
新药二村,124.7
江南路一弄13号,124.7
刘家山村,124.7
合兴村,124.7
新围村,124.7
振新村,124.7
肖山街,124.7
江湾绿园,124.7
庄里村,124.7
阳光华庭,124.7
绍兴市图书馆,124.7
职业教育中心,124.7
柯桥老街实验小学,124.7
任家畈村,124.7
周家坂村,124.7
旧货市场,124.7
爱尔利纺织,124.7
东塘村统包九组,124.7
郭家墙弄,124.7
世纪花园,124.7
赐富商务中心,124.7
工农花苑,124.7
达成路,124.7
高富中心,124.7
茶亭新村31-50幢,124.7
枫和园小区,124.7
横山村,124.7
亚东制药厂,124.7
西咸欢新村,124.7
工农七苑,124.7
蓝天华都苑,124.7
华乐电子,124.7
国税大楼,124.7
六一幼儿园,124.7
汤家店村,124.7
东方纺织厂,124.7
兔毛市场,124.7
人防大楼,124.7
担山村,124.7
岙里头村,124.7
澄海嘉园,124.7
祝家,124.7
金湾村,124.7
东贤花园,124.7
星河景苑,124.7
中央大厦,124.7
陶然公寓,124.7
屠春燕-客户经理,124.7
舜海村,124.7
新徐坞杨村,124.7
茶亭新村52-59幢,124.7
北海路西中专宿舍,124.7
新村村,124.7
姚公埠村,124.7
白水墩村,124.7
万之冠服饰,124.7
陈烨-客户经理,124.7
祥棠村,124.7
农林水大厦,124.7
甲绣坂村,124.7
道墟居委会(道墟统包二组A),124.7
五王村,124.7
交通银行,124.7
大善小坞村,124.7
晴荭羽绒,124.7
群英小学,124.7
湖畔春天大厦,124.7
东湖庄园北园,124.7
湖塘工业园区,124.7
街亭镇中心小学,124.7
元培幼儿园,124.7
吴融村,124.7
新风村,124.7
琦琦房地产,124.7
裕隆集团,124.7
新娄村,124.7
朱琰-商客经理,124.7
营口村,124.7
大坊口住商楼东区,124.7
东晖苑,124.7
新昌湖莲潭乐园,124.7
鲁迅中学,124.7
学勉中学,124.7
镇北社区,124.7
园通汽配城,124.7
后枣园村,124.7
兰苑小区,124.7
新世纪花园,124.7
钱门学府,124.7
梅西村,124.7
尚礼苑,124.7
蓝天广场,124.7
禹山村,124.7
大阳村,124.7
新昌技监局,124.7
后墅坊西区,124.7
东郭新村,124.7
盛超针纺,124.7
柯灵幼儿园,124.7
大道中路212号,124.7
沈飞-商客经理,124.7
安江村崇仁统包三组,124.7
西曹汇村,124.7
永昌公寓,124.7
上谢墅村,124.7
何梁浦村,124.7
下燕村,124.7
桃源村,124.7
绍兴县中兴纺织有限公司,124.7
塔山中心小学,124.7
沿山新村牌头支局统包五组,124.7
枢里村,124.7
银芯名园,124.7
马家坑村,124.7
百安花园,124.7
长运物流,124.7
新浪琴湾小区,124.7
岭顶村,124.7
上虞妇保医院,124.7
新居,124.7
大滩一号,124.7
展望村,124.7
沈家湾村,124.7
白竹村,124.7
涵碧庄园,124.7
六峰村,124.7
妇幼保健院,124.7
农业局大楼,124.7
江南明珠园,124.7
万商苑南区,124.7
东桥头,124.7
北漳村,124.7
群生木业市场,124.7
任家塔村,124.7
毛纺一村,124.7
月照里,124.7
三杰印染,124.7
直路新村,124.7
韩妃村,124.7
护国岭村,124.7
黄斗老街,124.7
东城水岸,124.7
凌丰纺织,124.7
越秀花苑,124.7
公益村,124.7
秀水苑桃李阁,124.7
假山路,124.7
后染村,124.7
柱嵩村大唐支局统包九组,124.7
柯桥柯北统包六组,124.7
城北里,124.7
县广电大楼,124.7
石城新村,124.7
仁村村,124.7
孙英-商客经理,124.7
砩头村,124.7
六村,124.7
和泽苑,124.7
车站路住宅楼,124.7
坎二村,124.7
花鸟市场,124.7
府横街,124.7
双桥村,124.7
文化广场,124.7
凤山路北路,124.7
轻纺贸易中心南区,124.7
公共服务中心,124.7
奇爱联合,124.7
古里巷村,124.7
河山桥新村,124.7
县疾病控制中心,124.7
管宁东区,124.7
绍兴饭店,124.7
九鼎村,124.7
桃花源,124.7
上虞国税大厦,124.7
剡湖街道办,124.7
金村,124.7
空地,124.7
石泗村,124.7
越兴中学,124.7
金盾家园,124.7
龙山电子,124.7
联合大厦,124.7
稽山敬老院,124.7
绍兴市博物馆,124.7
绍兴一中,124.7
福利中心,124.7
石勇灵-政企经理,124.7
辕门新村东区,124.7
双龙村,124.7
县直属粮库,124.7
图书馆,124.7
西湖村,124.7
范斯林-商客经理,124.7
寺岔,124.7
东岭村,124.7
宜东村,124.7
锦江花园,124.7
夏沔尊小学,124.7
长安棚村,124.7
茗狮刺绣有限公司,124.7
绍兴天下依波苑,124.7
嘉利珂大厦,124.7
白云宾馆,124.7
苏泊尔,124.7
锦绣兰庭,124.7
寺前村,124.7
梅峰村,124.7
沙地洋移民区,124.7
岭下村,124.7
东升苑南区,124.7
王桥村,124.7
鲁迅中学凤江校区,124.7
宁六村,124.7
四海路,124.7
溪口村,124.7
东大湾村,124.7
越中新天地,124.7
孝义弄住宅,124.7
东升苑北区,124.7
恒业成有机硅,124.7
灵芝镇嘉会村,124.7
金汇广场,124.7
金中村,124.7
南阳社区,124.7
上浦工业区南,124.7
未落网格,124.7
外贸大楼,124.7
周桥村,124.7
东森印染,124.7
环城南路旁营业房,124.7
卧龙花园,124.7
海涂开发场,124.7
东绣衣坊新村,124.7
托普利包装,124.7
电力公司,124.7
北街村,124.7
蒋村,124.7
铜井村,124.7
中心河村,124.7
高级中学,124.7
华镇工业区,124.7
百大时装大厦,124.7
牌口村,124.7
孔村,124.7
百沥村,124.7
县国税局,124.7
上宅村,124.7
财税局,124.7
六村开发区,124.7
包村,124.7
交通局,124.7
外谷社,124.7
门前江小区,124.7
冯天罡-政企经理,124.7
西周安置小区,124.7
阳光公寓,124.7
赵巷桥村,124.7
长城新村,124.7
支浦村,124.7
坂湖明珠,124.7
城东新村,124.7
运河人家大池坊,124.7
活石苑,124.7
舜源村,124.7
未落网格,124.7
城西高级中学,124.7
官元庙村,124.7
博览财智大厦,124.7
香林村,124.7
北海桥直街,124.7
国际物流,124.7
湾头村,124.7
五中,124.7
未来郡小区,124.7
清馨雅舍,124.7
中富大厦,124.7
越秀镜湖校区,124.7
新宇花园,124.7
茅洋农民公寓,124.7
红墙下村,124.7
附马新村,124.7
兴银大厦,124.7
气化站,124.7
国际银座,124.7
蛟里村,124.7
非凡雨服饰,124.7
城管大队,124.7
洪丰汽车,124.7
浙纤新村,124.7
银墅湾,124.7
高泾村(东关统包五组),124.7
胜利热电,124.7
过祝山村,124.7
芝塘湖村,124.7
灵芝镇潞庄村,124.7
石家池,124.7
五环集团,124.7
外五甲村,124.7
城新村,124.7
汽车油泵厂,124.7
滨笕居委会,124.7
霞中,124.7
江滨西路1,124.7
大华花园,124.7
马臻路158号,124.7
赵源村,124.7
若耶方舟,124.7
东曦苑,124.7
大佛广场,124.7
箭路村,124.7
居凤村,124.7
胡双村,124.7
谢憩村,124.7
汇联村,124.7
碧水苑东区,124.7
南门新村,124.7
西江桥小区,124.7
鸿瑞公寓,124.7
亲馨家园,124.7
兴隆,124.7
碑亭村,124.7
水果市场,124.7
班竹村,124.7
镜湖小学,124.7
申发集团,124.7
周帆-商客经理,124.7
江南人家,124.7
圣嘉纺织,124.7
欧丽斯复合,124.7
前园村统包一组,124.7
裕民西区,124.7
黄箭坂村,124.7
官湖沿安置小区,124.7
店口镇政府,124.7
三江庭苑,124.7
儒岙镇政府,124.7
崇仁九十村,124.7
医药药材总公司,124.7
沙地王,124.7
土块村,124.7
上蒋村,124.7
凯越府邸,124.7
江滨村,124.7
颂恩谷,124.7
女迪村,124.7
东盛世家,124.7
梦大娜制革,124.7
朝阳新村,124.7
百盛娄村,124.7
新河弄,124.7
下三房,124.7
七星综合批发市场,124.7
上虞交警大队,124.7
艾克斯毯公司,124.7
金祥惠纺织印染,124.7
大林村,124.7
庙前地村,124.7
坝头丁,124.7
东南嘉苑,124.7
第一毛纺厂,124.7
合溪坑村,124.7
三合,124.7
绍弹工贸有限公司,124.7
柯北局,124.7
清风桥西,124.7
高雅服饰,124.7
求是大厦,124.7
老罗门散户楼群,124.7
长业建设,124.7
鉴湖新村西区,124.7
詹家山村中,124.7
诸三路183号,124.7
凯达纺织,124.7
万石坑村,124.7
四季名苑,124.7
赵家居委会(城南部分),124.7
钱清镇人民法院,124.7
枫树头,124.7
小东村,124.7
大庆村,124.7
定坂村,124.7
相公殿社区6,124.7
周溪村,124.7
钟燕莺－商客经理,124.7
鸿通金都,124.7
三汇居委会,124.7
西横河新村2区,124.7
春光花苑,124.7
里谷社,124.7
县工商局大楼,124.7
昌安实验学校,124.7
防火附件厂,124.7
博大山水,124.7
大三角立交桥工业区,124.7
宋家畈村,124.7
苎萝新村21幢,124.7
寺东,124.7
实验小学,124.7
剡山小学,124.7
外山公寓,124.7
城南新村城中支局统包十四组,124.7
高湖村,124.7
小陈岙村,124.7
河西岸居委会,124.7
龙翔针织科技,124.7
路西新村,124.7
下堡村,124.7
假日大酒店,124.7
同星制冷,124.7
相郡园,124.7
联浦村,124.7
榆林村,124.7
棠头溪村,124.7
江南春城,124.7
孙陈,124.7
新昌县农业局,124.7
南芦村,124.7
环球光伏,124.7
袁盛牛仔,124.7
广厦公寓,124.7
金柯商汇小区,124.7
宇邦大厦,124.7
中设恒隆大厦,124.7
沙田移民区,124.7
陈琳－商客经理,124.7
盛丰新村,124.7
吾家坞村,124.7
黄婆滩村,124.7
克莱德汽车配件,124.7
百四居委会,124.7
奖山村,124.7
钱王祠前散户楼群,124.7
岭南村,124.7
捣臼爿社区,124.7
小砚石村,124.7
东升路市场一期(如意苑),124.7
孙端村,124.7
越都名府小区,124.7
红建新村,124.7
沈湖村,124.7
东升村,124.7
天丰华府,124.7
阮家埠村阮市支局统包六组,124.7
阮家埠村阮市支局统包六组,124.7
环亚数控,124.7
天一小区,124.7
城市广场,124.7
稽山桂花园,124.7
丽湖小区,124.7
兴塘村,124.7
金丰大厦,124.7
安昌大酒店,124.7
城南春天,124.7
昌峰印染有限公司,124.7
新宅村,124.7
伊夫服饰,124.7
荣达建设,124.7
新昌制药,124.7
八何洋村,124.7
静湖雅苑,124.7
柯桥电信局(枢纽楼),124.7
桐巢,124.7
德美化工,124.7
古纤道新材料,124.7
农村信用社联合社,124.7
开元名都大酒店,124.7
湄池村,124.7
丁宅村,124.7
嵊州市爱德学校,124.7
新昌热电二厂,124.7
旺角,124.7
丁山村,124.7
德能防火材料,124.7
盛世名苑一期,124.7
之江学院,124.7
华亿机械,124.7
安全生产监督管理局,124.7
申源,124.7
斗门村,124.7
森海豪庭枫林园,124.7
三西村,124.7
羊山华庭,124.7
育达印染有限公司,124.7
精工广场,124.7
都府,124.7
海关大楼,124.7
五洋村,124.7
南池村,124.7
贝力生,124.7
亭山村,124.7
联合村,124.7
中联村(道墟统包一组),124.7
石道地村,124.7
鉴湖电线电缆公司,124.7
藕岸村,124.7
双港变电所,124.7
杨梅村,124.7
森海豪庭百合园,124.7
相公殿路15号,124.7
六建小区,124.7
黄徐村,124.7
镜悦府,124.7
振海制衣厂,124.7
笔架桥,124.7
越北村,124.7
石岙村,124.7
娥一居委会,124.7
枫源村,124.7
百官老城区东,124.7
下坊门新村,124.7
富虹仓库,124.7
化肥厂,124.7
第三酒厂,124.7
正元香槟花园,124.7
南岩高新技术园区,124.7
大云桥住宅,124.7
天和证券,124.7
万峰小区,124.7
卧龙山水绿都,124.7
广嘉山水华园,124.7
绍兴日报社,124.7
东关中学,124.7
新昌越峰影视文化有限公司,124.7
未落网格,124.7
锦程文苑,124.7
王城寺村,124.7
双叶村,124.7
谢塘居委会,124.7
格耐斯纺织,124.7
大小坑村,124.7
丹桂华庭小区,124.7
沥泗村,124.7
苎萝三村,124.7
新湖园小区,124.7
派出所,124.7
诸暨大酒店,124.7
新昌实验幼儿园,124.7
浣纱支路66幢,124.7
东坑口村,124.7
迭里村,124.7
霞朗桥村,124.7
万商苑北区,124.7
丁山村,124.7
桥对岸村黄泽统一包组,124.7
轻纺城电脑绣花纺织装饰开发中心,124.7
石溪村城东统包区七组,124.7
万通化工,124.7
增大居委会,124.7
上旺村,124.7
新横溪村,124.7
白泥坎村,124.7
曹娥江大酒店,124.7
新光村(崧厦统包四组),124.7
人利安置小区,124.7
东溪村,124.7
望云路家具厂,124.7
万兴庄园,124.7
幸福里,124.7
小湖家(电厂),124.7
嘉业印染,124.7
丽坞底,124.7
九岩村,124.7
新民热电厂,124.7
计生站,124.7
牌头村,124.7
王悦义-政企经理,124.7
原种场小区,124.7
渡头村,124.7
旧宅村儒岙支局统包四组,124.7
东江村,124.7
楼海燕-政企经理,124.7
五云村,124.7
劳动村新甸统包一组,124.7
西街,124.7
兆山新村,124.7
剡湖家园,124.7
姚家,124.7
五泄村,124.7
水果批发市场,124.7
市公路管理处,124.7
锻压厂宿舍,124.7
炉溪村,124.7
三龙工业区,124.7
县人武部,124.7
东郭村城东统包二组,124.7
大唐春天,124.7
鹅境雅苑,124.7
平水电信局,124.7
王坛村,124.7
振东实业公司,124.7
个私园区,124.7
尉村,124.7
恒利新村西1区(茅家新村部分),124.7
雅里村,124.7
半山小区西,124.7
滨江南路24幢,124.7
桥下村,124.7
喜临门厂房,124.7
元大毛地毯,124.7
永氏利公司,124.7
行宫山村,124.7
磕下新村,124.7
胜利西路111号,124.7
恒丰商务楼,124.7
城南大专院校,124.7
镜湖村农民公寓,124.7
滨海新城海涂西,124.7
新昌县人武部,124.7
皇埠村,124.7
技师学院,124.7
碧波风铃,124.7
剑桥外国语幼儿园,124.7
新昌劳动局,124.7
金港湾,124.7
南泥湾村,124.7
滨海新城工业区西,124.7
星泽湾小区,124.7
唐家坪村沙溪支局统包一组,124.7
会计核算中心,124.7
永兴村,124.7
余海保-政企经理,124.7
塔山工业区,124.7
金科大酒店,124.7
新昌京新制药,124.7
凤凰名都,124.7
桂花新村,124.7
永锋花园,124.7
里浦村,124.7
东联村,124.7
侣东村,124.7
沈塘村,124.7
灵芝村,124.7
华舍医院,124.7
博士苑,124.7
春晖中学,124.7
耀宇纺织,124.7
科创大厦,124.7
灵芝镇西山头村,124.7
江东新村22幢,124.7
现代大厦,124.7
越发紫荆府,124.7
人民中路南,124.7
镜湖人家,124.7
朝晖雅苑,124.7
稽山翡翠园,124.7
棠家洲村,124.7
信用社,124.7
佳隆防腐,124.7
鲁戈村,124.7
春江花城,124.7
世茂广场,124.7
保佑桥小区,124.7
幸福村工业区,124.7
美东新村东区,124.7
张家坞,124.7
雄踞村,124.7
聚众纺织,124.7
竹前村,124.7
细心坑村,124.7
上湖村,124.7
后观巷,124.7
城西新村,124.7
坝里金,124.7
鹏程电器,124.7
兴浦工业区,124.7
中石化高士达加油站,124.7
长山新村,124.7
玫瑰山庄,124.7
南市场(冠成国际6#、7#、8#楼),124.7
欧洋纺织品,124.7
西湖花园,124.7
绍兴电信分公司,124.7
三溪村,124.7
黄泥丘村,124.7
兰亭镇人民政府,124.7
中杰纺织有限公司,124.7
枫桥新农贸市场,124.7
宏丽大厦,124.7
城隍坊社区2,124.7
安昌工业园区(四海氨纶北),124.7
里丁村,124.7
兰亭中学,124.7
祝家村,124.7
汽车检测中心,124.7
徐建红-商客经理,124.7
竹溪村,124.7
永盛厂,124.7
经济开发区2,124.7
吕琰斌-商客经理,124.7
丰项村,124.7
百合花园,124.7
上礼泉村城西统包区四组,124.7
茶亭新村61-78幢,124.7
越州印染,124.7
丁伟-政企经理,124.7
东庑,124.7
城关一小,124.7
雅良村,124.7
许宅村,124.7
新航村,124.7
大地香漓湾,124.7
梅市水庄中区,124.7
天一农贸市场,124.7
南方科技,124.7
芳泉村新农村,124.7
三江东街2,124.7
文化中心,124.7
澄湾工业园区,124.7
丽都南苑,124.7
火烧吴村,124.7
安平路丝网厂,124.7
丫家杨,124.7
实验幼儿园,124.7
王家埭工业区,124.7
九里斜村,124.7
外滩梅园,124.7
农贸市场,124.7
白莲堂社区1城中统包二组,124.7
新世纪花园,124.7
天御湾,124.7
安昌中学,124.7
金鑫果,124.7
大庙罗村,124.7
美龙家园,124.7
上石演柴油机厂,124.7
第二高级中学,124.7
绿城兰园,124.7
民生药业,124.7
蓬？村,124.7
鹿山公寓,124.7
国际商贸城,124.7
秀水苑杨柳阁,124.7
渔化桥公寓,124.7
中国银行,124.7
清江嘉园,124.7
九间廊村,124.7
盛海华－商客经理,124.7
下方桥社区,124.7
科泓化工,124.7
发展大厦(交行),124.7
高龙村,124.7
仙岩村,124.7
仕畈坞村,124.7
越联村,124.7
奋勇针纺,124.7
五夫工业区,124.7
太平桥头,124.7
永和村,124.7
坑西新村,124.7
文体大厦,124.7
金柯嘉园,124.7
雄风永利广场,124.7
央于村,124.7
金伯利公司,124.7
吴丹-政企经理,124.7
上礼泉村永兴北路,124.7
棠二村,124.7
牛头岭,124.7
西三村,124.7
柯岩供水公司,124.7
群艺馆,124.7
村头村,124.7
西岩村,124.7
金昌工业园区,124.7
丰园村,124.7
百合花园,124.7
丽都西苑,124.7
大众纺织,124.7
妇保院,124.7
马仁村,124.7
昌盛家园,124.7
震元制药,124.7
娄二红-客户经理,124.7
城市之星宾馆,124.7
东郡华庭,124.7
人和景园,124.7
领先国际,124.7
顺利村,124.7
平川桥,124.7
新风塑业、凯丽包装,124.7
欧利来纺织,124.7
九里工贸园区,124.7
中冶梧桐园,124.7
江龙工业区,124.7
万达财富大厦,124.7
福立花园,124.7
东庄村,124.7
骏发纺织有限公司,124.7
西蚌潭村,124.7
徐建明-政企经理,124.7
碧水金柯,124.7
下三溪村,124.7
徐钰锋-政企经理,124.7
原交警大队,124.7
金岭村,124.7
陈墩村,124.7
镜湖花园,124.7
儒二村儒岙支局统包二组,124.7
下尉村,124.7
庙湾村,124.7
城南派出所,124.7
横街电信,124.7
陆家埭村,124.7
樊江村解困房,124.7
芳华大厦,124.7
实验中学人利校区,124.7
马家岙,124.7
一家商务宾馆,124.7
东联农贸市场,124.7
斗门老街,124.7
银华纺织,124.7
新昌供电公司,124.7
道墟居委会(道墟统包二组B),124.7
锦茂大厦,124.7
保险公司,124.7
二建公司,124.7
青少年活动中心,124.7
华泰大厦,124.7
华清大厦,124.7
柯东仓储,124.7
国庆村,124.7
板张村,124.7
三花新村,124.7
石门槛,124.7
小轩窗居室有限公司,124.7
唐挺-商客经理,124.7
长乐(陈家娄)村,124.7
馒头山村,124.7
易邦医用品,124.7
龙珠里,124.7
光明村,124.7
瑞风汽车,124.7
豫才中学,124.7
绿扬花园,124.7
开发区石油仓库,124.7
孙家村,124.7
雅豪大酒店,124.7
水产品贸易市场,124.7
柯亭小区,124.7
白鹭金滩翠湖园,124.7
耀江时代广场,124.7
晟晟体育用品,124.7
安昌振越染整,124.7
上山泊村,124.7
下马村鹿山统包三组,124.7
长湾村,124.7
平水镇中学,124.7
三花和庄,124.7
新昌西站,124.7
后山村,124.7
南明三村,124.7
未落网格,124.7
玉园大酒店,124.7
龙皇堂村,124.7
麻家田村,124.7
八郑村,124.7
胜利西村,124.7
猫儿桥,124.7
华维小区,124.7
中金国际,124.7
汇金商务楼,124.7
蓝翔机电,124.7
工业学校镜湖校区,124.7
绍钢五村,124.7
腾豪村,124.7
华兴厂,124.7
浙江天工建设集团有限公司永通,124.7
靖江村,124.7
燕甸园,124.7
解放南路1000号江滨楼,124.7
龙会新村,124.7
百舸公寓,124.7
杨汛桥人民医院,124.7
香舍丽都,124.7
剡城路463号,124.7
先进村,124.7
严家潭,124.7
钱烨-政企经理,124.7
雅德居厂区,124.7
联谊村,124.7
水竹村,124.7
无名商务大厦,124.7
新昌工商局,124.7
幸福村应街街支局统包五组,124.7
勤烨针织工业园,124.7
吴丽娜-政企经理,124.7
残疾人康复职业培训中心,124.7
建中印染,124.7
江南南路33号,124.7
店口商贸城,124.7
夏葑村,124.7
国际广场,124.7
安滨嘉苑,124.7
柯桥街道办事处,124.7
东江新村,124.7
外商投资园区,124.7
中区大厦,124.7
图森木业,124.7
草塔支局统包五组,124.7
嘉德印染,124.7
童家坞村,124.7
蟠龙村,124.7
恒利商务楼,124.7
海越花园,124.7
江家娄村,124.7
和睦园,124.7
时代凤凰岛,124.7
曹家村,124.7
新昌海关,124.7
英伦小镇,124.7
华远化纤,124.7
王琴-政企经理,124.7
天姥路50号,124.7
城西五苑,124.7
高峰纺织,124.7
滨海粮食仓库,124.7
紫金苑小区,124.7
华风公司,124.7
崇仁一村,124.7
康牧药业,124.7
官路小区,124.7
聚金园,124.7
和尚田村,124.7
皋埠人民医院,124.7
银蝶苑,124.7
绍兴天下含江苑,124.7
花浦村,124.7
福全山村,124.7
赵墅,124.7
联合市场,124.7
康郡雅音岛,124.7
天城锦江苑,124.7
滨江南路15号,124.7
瑞丰大厦,124.7
电力大厦,124.7
东双桥公寓,124.7
金淙苑小区,124.7
达郭村,124.7
在建小区,124.7
南都花园,124.7
蓝天市心广场,124.7
九里村,124.7
颐福园,124.7
宏益五金机电,124.7
亿田,124.7
桃园村,124.7
金帝银泰城,124.7
大岭村,124.7
绍兴名贤馆,124.7
未落网格,124.7
鸬鹚湾,124.7
羊山村,124.7
亭山小学,124.7
城监大队,124.7
剑达汽车零部件有限公司,124.7
中天力化工,124.7
昌明花园,124.7
边卫东-客户经理,124.7
舜江新村,124.7
邹家葑村,124.7
平江路周转房,124.7
培坑村,124.7
洪山湖居委会,124.7
蚌潭小区,124.7
滨江左岸,124.7
万润大厦,124.7
达利发广场,124.7
柯南旺角,124.7
前山新村,124.7
张利英-客户经理,124.7
绍兴科技馆,124.7
滨江豪园,124.7
诺伊毛纺,124.7
东关凌村工业区,124.7
沙园村,124.7
十二都村,124.7
前岸村,124.7
棉花仓库,124.7
宣港,124.7
新世纪花苑,124.7
官塘村,124.7
烟草公司宿舍,124.7
前洋市村,124.7
潭许村,124.7
东关朱家楼工业区,124.7
侯村,124.7
茶坊村,124.7
青甸湖小区行塘坊,124.7
碑山村,124.7
罗门西村,124.7
国大,124.7
东丁村,124.7
滨海新城海涂东,124.7
新昌大厦,124.7
周兆良-商客经理,124.7
梁金玉-政企经理,124.7
漳汀村,124.7
潘俊英-政企经理,124.7
支鉴路村,124.7
晶汇大厦,124.7
火车站,124.7
马鞍中学,124.7
紫荆华庭,124.7
中原毛纺,124.7
商业城,124.7
汲水弄,124.7
开元社区大唐支局统包五组,124.7
老百姓食品有限公司,124.7
柯福(福欣)小区,124.7
凤仪,124.7
惠普广场,124.7
嵊德牧业,124.7
培蒙西服,124.7
王洋坪村,124.7
恒鑫纺织厂,124.7
秋瑾中学,124.7
楼稼坂,124.7
楼基村,124.7
朗臻新天地,124.7
上下阁村,124.7
黄贤村,124.7
水越名都,124.7
中设建工集团,124.7
三川住宅区,124.7
铁顶山村,124.7
胜乔村,124.7
新华书店,124.7
明大家园,124.7
建开花园,124.7
东一大酒店,124.7
外浦村,124.7
诸暨报社大楼,124.7
三鑫桂花苑,124.7
何村,124.7
东关工业区四环西,124.7
春欣大厦,124.7
西花园村,124.7
六建桥南,124.7
浙江稽山实业有限公司宿舍楼,124.7
马山热电厂,124.7
百菊村,124.7
东湖镇人民医院,124.7
越隆大厦,124.7
黄家店,124.7
领带园二路,124.7
双燕村,124.7
凤江小区,124.7
龙江新居,124.7
福海村,124.7
杨汛居委会,124.7
河山公寓,124.7
永丰村,124.7
乐园三区,124.7
杨竹君-商客经理,124.7
盛茂村,124.7
通明村,124.7
袍江中学,124.7
城隍庙,124.7
下大路,124.7
栗金,124.7
陈飞-政企经理,124.7
万邦名邸,124.7
黄贤萍-政企经理,124.7
华夏大厦,124.7
东圃菜场,124.7
新联村,124.7
长坑村,124.7
石砩村,124.7
新昌县邮政局,124.7
溪埭次坞支局统包四组,124.7
同锦和,124.7
桂山村,124.7
翠苑新村,124.7
陈溪村,124.7
横旦村,124.7
蓝天实验小学,124.7
渔江村,124.7
铭丰臻园,124.7
上任村,124.7
蒋林头村,124.7
残联,124.7
山口村,124.7
水产村,124.7
七星中学,124.7
梅龙湖工业区,124.7
州山老年公寓,124.7
七一村,124.7
昊时利,124.7
大众4S店,124.7
柯桥客运中心,124.7
大山西村,124.7
新城家居装饰街,124.7
马溪村谷来统包二组,124.7
丰越别墅,124.7
泰岳村,124.7
冯柯山村,124.7
前村,124.7
绍兴艺校,124.7
仙湖居委会,124.7
滨江华都,124.7
袍江汽车展示中心,124.7
浙江兴昌风机有限公司,124.7
御景华庭38幢,124.7
万兴公寓,124.7
奥力,124.7
花钿新村,124.7
亭凉树下,124.7
飞凤村,124.7
金星公寓,124.7
宝华家天下,124.7
董余村,124.7
财富广场,124.7
东方明珠苑,124.7
轻纺城西市场(已拆),124.7
国贸大厦,124.7
南联村,124.7
约和村,124.7
长桥村,124.7
攒宫茶场,124.7
商建军-商客经理,124.7
李军-政企经理,124.7
东兴路,124.7
新华印务,124.7
康乐中心,124.7
中宅村,124.7
杜黄新村,124.7
考溪坞村,124.7
茶浜村,124.7
外严村,124.7
珠稼坞村,124.7
娥二新村,124.7
邦丁服饰,124.7
轻纺大厦B座,124.7
西坑村,124.7
国周厂,124.7
韩晓春-政企经理,124.7
鑫泰消防培训学校,124.7
五峰村,124.7
大岩坂村,124.7
南街,124.7
柯岩妇保院,124.7
星源名都,124.7
金玉园,124.7
金山湖村,124.7
金锋银锡公司,124.7
宝业集团柯西统包一组,124.7
城市花园,124.7
南马路2,124.7
上贝村,124.7
叶家堡组团,124.7
南方新村,124.7
盾安开发区,124.7
稽山公寓,124.7
福门新村,124.7
许天纬-政企经理,124.7
城北桥汽车站,124.7
锦绣花园,124.7
新昌新三毛酒店,124.7
金鸡山后居委会,124.7
悦诚酒店,124.7
卓力转轴,124.7
高山村,124.7
白云新村,124.7
钱玲娣-政企经理,124.7
中富小区,124.7
五都村,124.7
越都花园,124.7
张娄移民村居民房,124.7
湖都科技幼儿园,124.7
新绛霞村,124.7
马元弄,124.7
南星公寓,124.7
方家桥村钱清统包一组,124.7
老县府,124.7
宜联,124.7
下沙居委会,124.7
滨笕工业区,124.7
新安村,124.7
官河苑,124.7
西畈市场住宅,124.7
朱凤村,124.7
灵芝镇前王村,124.7
钱清镇派出所,124.7
柯桥鲁迅中学,124.7
天镜南苑西区,124.7
剡东村,124.7
长青小区,124.7
新昌人民医院城东分院,124.7
兴越花园,124.7
红旗仪表厂,124.7
绍兴市气象局,124.7
兴云村,124.7
滨海包装,124.7
合兴汽车,124.7
摩利达,124.7
龙凤花园,124.7
大通水尚名都,124.7
城西物流,124.7
学府雅苑,124.7
鲁迅小学和畅堂校区,124.7
北海花园,124.7
珀丽服饰,124.7
新二，新三村,124.7
绍兴港航管理局,124.7
南岸村,124.7
鼎元南山府,124.7
水务集团,124.7
新联合,124.7
华能钢构,124.7
新陈村,124.7
新三江工业园区,124.7
章黄山村,124.7
老巴贝,124.7
边墩村,124.7
章家山新村,124.7
金桥花园,124.7
普发公寓,124.7
梅园村,124.7
火车站,124.7
电信实业集团,124.7
中央华府(第二期),124.7
金色华庭,124.7
西湖居委会,124.7
古越龙山,124.7
富丽华大酒店,124.7
东浦镇卫生院,124.7
任叶村,124.7
城西一苑1,124.7
竺春潮-政企经理,124.7
两湾新村,124.7
奥瑞金包装,124.7
五洲大厦,124.7
官湖沿居委会,124.7
天源别墅,124.7
建设银行,124.7
丰二居委会,124.7
尖坑村,124.7
万豪国际,124.7
冯蔡村,124.7
绍兴城北统包一组,124.7
马安山村,124.7
联邵村,124.7
果品市场,124.7
热电厂,124.7
福宅安村,124.7
金渔村,124.7
浦新社区,124.7
钱清电信局,124.7
直乐施村,124.7
新天地广场,124.7
新旺村城东统包一组,124.7
新欣村,124.7
城南小学,124.7
剧院路,124.7
环保局,124.7
小赭综合大楼,124.7
二轻宿舍,124.7
巴弄村,124.7
阳光海岸,124.7
艇湖村,124.7
外贸大厦,124.7
自来水厂,124.7
浣东新村,124.7
迎驾桥村新区,124.7
祝桥头村,124.7
老水果市场,124.7
横联村澄潭支局统包三组,124.7
金家村,124.7
依水家园,124.7
庆春花苑,124.7
丰盛苑,124.7
剑灶村,124.7
新安佳园,124.7
新安佳园,124.7
新民主村,124.7
蕾笛笙纺服,124.7
绍肖印染,124.7
陈权-政企经理,124.7
清泰苑,124.7
阳光集团,124.7
正大新世界,124.7
东双桥河沿,124.7
城东村,124.7
周小红-政企经理,124.7
唐仁,124.7
鲁家泾村,124.7
昂利康药业1,124.7
绿城,124.7
儒岙工业园区1号,124.7
伟业新城苑,124.7
高南村三江统包十三组,124.7
国际华城,124.7
西湖岙村,124.7
人民东路2弄2号,124.7
舜景秀水苑,124.7
东方花园,124.7
斗门人民医院,124.7
段家汇,124.7
枫华景园,124.7
瑞禾明庭,124.7
石楼对村,124.7
俞赵村,124.7
储墅村,124.7
道墟居委会(道墟统包四组),124.7
翠泽苑,124.7
电脑市场,124.7
尚品公寓,124.7
时光家纺,124.7
仙日,124.7
昌安新村,124.7
会墅岭村,124.7
宣何,124.7
剡界岭村,124.7
大东村,124.7
朝阳新村,124.7
新华定制沪浙港,124.7
邮电技校,124.7
应山保障房安置小区,124.7
轻纺城社区居委会大唐支局统包五组,124.7
大雷村,124.7
临城一村,124.7
城西34环空地,124.7
天御花园,124.7
东俞村,124.7
南源村,124.7
丁家弄,124.7
府山新村,124.7
马鞍新村,124.7
青坛村,124.7
高泽村,124.7
新中村,124.7
徐家塘居委会,124.7
银泰大酒店,124.7
机电大楼,124.7
白鹭金滩春晓园,124.7
新昌县实验中学,124.7
外婆坑村,124.7
西门路,124.7
邵家村,124.7
沃尔沃汽车销售,124.7
香炉峰,124.7
东郑村,124.7
普田公司,124.7
联谊村,124.7
纵横集团,124.7
傅张村,124.7
中佳工业园,124.7
镇东新村,124.7
西郊村,124.7
新昌美力科技股份公司,124.7
华翔大厦,124.7
岭脚村,124.7
章家埠村,124.7
时代商务楼,124.7
新昌新柴控股集团,124.7
越发紫金大厦,124.7
东村,124.7
时代大厦,124.7
新昌制药,124.7
不老神食品有限公司,124.7
外陈牌头支局统包三组,124.7
刀鞘坞,124.7
五莲村,124.7
长城教苑,124.7
新长乐村,124.7
新华村,124.7
东方绿苑,124.7
丁泽村,124.7
信利针织,124.7
嘉丰随园小区,124.7
楼家村,124.7
秀峰村,124.7
梅园物业公司,124.7
轻纺城社区大唐支局统包三组,124.7
富陵农贸市场,124.7
朱王银村新昌城东统包六组,124.7
天一国际,124.7
新昌白云山庄,124.7
溪埭村次坞支局统包六组,124.7
养殖场,124.7
鸿瑞针纺,124.7
朱飞燕-政企经理,124.7
双江,124.7
信诚村,124.7
龙东村,124.7
名都,124.7
莲塘村城东支局统包二组,124.7
锦都花园,124.7
锦江苑,124.7
上八坞村,124.7
新天龙大厦,124.7
二甲新苑,124.7
永和花园,124.7
保驾山村,124.7
夏东村,124.7
正统钢业,124.7
练使村,124.7
文化宫,124.7
天赐良缘,124.7
局办公楼,124.7
荷塘村,124.7
城沿村,124.7
紫御府小区,124.7
庙弄社区,124.7
欣华村,124.7
方梁岙村,124.7
真诏村沙溪支局统包二组,124.7
张琳琳-政企经理,124.7
寿奋兰-政企经理,124.7
兴埠村,124.7
上庄路小区,124.7
教师进修学校,124.7
前庄村,124.7
湖景名苑,124.7
望湖花园东区,124.7
东白绿苑,124.7
丝绸大厦,124.7
岭山村,124.7
三应村,124.7
元垄浪琴湾,124.7
直埠村,124.7
新市场村,124.7
龙景花园,124.7
浙纤新村,124.7
新迪埠村,124.7
消防中队,124.7
娄宫安置小区,124.7
东坑村,124.7
瀛洲名苑,124.7
白莲堂社区1城中统包一组,124.7
化工园区东二区,124.7
石狮工业区,124.7
高立花园,124.7
陆锡坤-客户经理,124.7
宏艺磁电,124.7
枫情水岸,124.7
越红集团,124.7
丽景华庭,124.7
诸暨卫校,124.7
钱清村,124.7
边村,124.7
眼科医院,124.7
望湖花园,124.7
秀水苑枫桂阁,124.7
长乐一村,124.7
马山人才公寓,124.7
银河新村,124.7
孔家岙村,124.7
东兴二区,124.7
金山新村,124.7
后袁湖村,124.7
高新技术园区,124.7
嘉里花园,124.7
湾娄公寓,124.7
富盛村富盛统包二组,124.7
西景丽苑,124.7
梅园新村西区,124.7
稽山小学,124.7
新土管局,124.7
同乐上村,124.7
虞杰-政企经理,124.7
新胜,124.7
九霞村,124.7
富二村,124.7
水利局,124.7
山下郑个私园区,124.7
世茂东广场,124.7
三合村,124.7
金海曼,124.7
环山路口,124.7
清风苑,124.7
七星电信支局,124.7
城东大院,124.7
中国建设银行胜利支行,124.7
浙江汽车仪表厂,124.7
颖泰大厦,124.7
勇舜印染,124.7
家和花园,124.7
方徐村,124.7
镜湖轻纺市场,124.7
金泰茗香苑,124.7
沈飞-政企经理,124.7
东芝村,124.7
江滨公寓,124.7
开元三村,124.7
良昌公寓,124.7
嵊新污水处理厂,124.7
寿志泉厂房,124.7
堰底村,124.7
桥头黄,124.7
长安村,124.7
天海包装制品,124.7
上浦村,124.7
小观,124.7
梅渚工业园区(畈田),124.7
彩虹庄印染,124.7
城南农贸市场,124.7
兰亭风景区,124.7
纺机市场,124.7
绍兴市第一中学,124.7
证券市场,124.7
宣家山村,124.7
罗松村,124.7
崇仁三村,124.7
金色家园,124.7
独山变电所,124.7
香桥苑,124.7
紫峻云庭,124.7
蜀鑫针纺,124.7
前小库,124.7
三江新村,124.7
千秋桥,124.7
疾控中心,124.7
山头里村,124.7
梅泽嘉园,124.7
蔬菜果品市场,124.7
回山村回山支局统包一组,124.7
青石桥村,124.7
新世界家居广场,124.7
棠棣山庄,124.7
曲陶阮村,124.7
电脑城福年楼,124.7
加多宝公司,124.7
阳光山庄,124.7
东灵保健,124.7
供电局,124.7
劳动村新甸统包二组,124.7
陶然家园,124.7
天姥一路,124.7
三华村,124.7
江南路一弄,124.7
越善,124.7
森海豪庭合欢园,124.7
新乐一村,124.7
下坊门老村,124.7
浙纸宾馆,124.7
横湖村,124.7
星宇新村,124.7
西郊安置房,124.7
广宁桥直街,124.7
群力村,124.7
东泽博园,124.7
颐高数码广场,124.7
江龙村,124.7
王家村,124.7
北市场北1区E区,124.7
兰亭人民医院,124.7
检查院,124.7
鉴水人家,124.7
屏岫村,124.7
建国村,124.7
寺池,124.7
严巷头村,124.7
名城阳光,124.7
白马新村,124.7
庆盛集团,124.7
翡翠公馆,124.7
柿园新村,124.7
汉帛线业,124.7
灵芝镇林头村,124.7
金茂世家,124.7
诸暨中学分校,124.7
固若电子,124.7
泥塘村,124.7
西湖新村塘田坊,124.7
西叶家村,124.7
中泽嘉园一期,124.7
大桥村,124.7
滨江苑,124.7
齐贤工商所,124.7
杨家楼草塔支局统包二组,124.7
新昌农商银行,124.7
越秀里8幢等,124.7
桃源村,124.7
新昌商城,124.7
马嵊燕-客户经理,124.7
鉴湖镇中学,124.7
伯龙农贸市场,124.7
璜山北村,124.7
章家村,124.7
中大饲料,124.7
项家桥村,124.7
岩里村,124.7
庆丰和,124.7
莼塘东村,124.7
省消防训练基地,124.7
新屯南村,124.7
城东五村,124.7
华舍商城,124.7
王家湖村,124.7
太阳公寓,124.7
国公花苑,124.7
兰州村,124.7
永顺窗帘,124.7
雅璜村,124.7
运河首府,124.7
鲁东村,124.7
先锋村,124.7
白鹭香溪,124.7
盾安福邸,124.7
曲山,124.7
盛兆坞一村,124.7
大湖头村,124.7
农机站,124.7
瑞和园,124.7
八字桥公寓,124.7
振兴新村,124.7
鲁迅故里,124.7
柱山村大唐支局统包六组,124.7
大龙村,124.7
鼎新,124.7
鼓山新村90-110幢,124.7
缪家桥河沿,124.7
平水街村,124.7
视北村,124.7
老袜业城,124.7
合心村,124.7
中行,124.7
新二村,124.7
白马山村,124.7
晋溪村,124.7
木桥村,124.7
新昌文化馆,124.7
孙端开发区,124.7
蒋镇村,124.7
印染总厂,124.7
世纪佳苑,124.7
合成景园润园,124.7
湖坊村,124.7
丰棉村(永丰村),124.7
后岸村拔茅支局统包二组,124.7
烟草大楼,124.7
中安创业园区,124.7
家宜花园,124.7
帝景现代城,124.7
马山派出所,124.7
红岩科技,124.7
时代家园,124.7
城西一苑2,124.7
湖村桥村崇仁统包六组,124.7
舒美特,124.7
越谢叉口工业区,124.7
横湖坊东区,124.7
山贝村,124.7
稽山路沿街商铺,124.7
山隐新村南区,124.7
新昌县民政局,124.7
小百花越剧团,124.7
官元村,124.7
中医院,124.7
中天面料,124.7
二都村,124.7
看守所,124.7
覆卮村,124.7
沃洲村,124.7
神洲大酒店,124.7
湖山小区,124.7
舜皇村,124.7
盛达纺织,124.7
城西工业区,124.7
柯岩派出所,124.7
新昌富豪大酒店,124.7
新神鹰集团,124.7
劳家葑村,124.7
十三亩头,124.7
范油车村,124.7
新昌县建设局,124.7
文化新村,124.7
金南苑小区,124.7
染料城,124.7
下岭脚村,124.7
塔山公园,124.7
浙江石狮商贸城,124.7
银兴花园,124.7
烟草仓库,124.7
金德隆,124.7
人民南路散装水泥办,124.7
上孙居委会,124.7
金山花园,124.7
上虞中医院,124.7
上大路,124.7
洛江村,124.7
枫桥新汽车站,124.7
建塘村,124.7
梅坞村,124.7
应桂岩村,124.7
锦江玫瑰园,124.7
朱王银村城东统包区七组,124.7
坑口村,124.7
海纳体育用品,124.7
丈午居委会,124.7
建发家园,124.7
清河明苑住商小区,124.7
明珠花苑,124.7
西南门村,124.7
浣纱北路29号,124.7
中惠百货商厦,124.7
新建新村,124.7
道墟居委会(道墟统包五组),124.7
龙华精细化工等,124.7
上京村,124.7
三江园区5,124.7
新昌工商银行,124.7
绍兴市第七医院,124.7
天一阁小区,124.7
沥东村,124.7
越东小区,124.7
中奢壹站,124.7
城中小区,124.7
观澜豪庭,124.7
茅洋村,124.7
丹青工具,124.7
山山苑小区,124.7
檀溪村,124.7
新回头村,124.7
安康寺,124.7
大联村,124.7
唯美品格,124.7
西青村,124.7
永盛针织,124.7
文锦园,124.7
未落网格,124.7
兴盛控股,124.7
水岸新城,124.7
县前巷,124.7
浦西村,124.7
菱塘，旦旦新村,124.7
华程花苑,124.7
永利大厦,124.7
横湖坊西区,124.7
回山村回山支局统包二组,124.7
元垄清水苑,124.7
宋小燕-政企经理,124.7
王渡口村,124.7
下石演村新村,124.7
金通浅水湾,124.7
步行街南,124.7
恒力粉碎设备厂,124.7
华润钢业,124.7
三和锦苑,124.7
东龙山村,124.7
东安三区,124.7
园山桥,124.7
陆莉月-商客经理,124.7
尚城国际,124.7
高木,124.7
小佐绿苑,124.7
张伟林-政企经理,124.7
绸缎小区,124.7
投醪河沿街商铺,124.7
三坑村,124.7
信源国际,124.7
欧露玛妮服饰,124.7
富盛美地馨园,124.7
华东村,124.7
升一村,124.7
滨江新村,124.7
泰和公寓,124.7
染料城工业区,124.7
佑天元包装,124.7
日顺房产,124.7
莱鑫大厦,124.7
上余草塔支局统包七组,124.7
双凤山村,124.7
新街,124.7
草塔中学,124.7
锦越名都,124.7
任家村,124.7
小砩村,124.7
和成御园,124.7
联合国际广场,124.7
莲塘村城东支局统包一组,124.7
草塔电信局,124.7
大通佳苑,124.7
白岩下村,124.7
永丰纺织印染,124.7
柯东局,124.7
聚贤花园,124.7
水联大酒店,124.7
亚太粮油市场,124.7
俞姚村,124.7
百官街道办事处,124.7
绍兴城北统包四组,124.7
绍兴城北统包四组,124.7
绍兴城北统包四组,124.7
绍兴城北统包四组,124.7
方田山村,124.7
大城小院,124.7
保安新村,124.7
剡湖中心学校,124.7
竺琳琳-政企经理,124.7
西罗村,124.7
万达广场,124.7
琴察村,124.7
大云市场,124.7
白米堰居委会,124.7
恒通数码,124.7
防疫站,124.7
中碧溪村,124.7
在建工地,124.7
花园新村南区,124.7
时代广场,124.7
北门商城,124.7
兴城花园12幢,124.7
西湖新村世和坊,124.7
正裕幼稚园,124.7
辕门新村北区,124.7
三江园区7,124.7
万丰广场,124.7
鲁迅外国语学校,124.7
人才公寓,124.7
新章村,124.7
兴越西区,124.7
香水湾,124.7
植林村,124.7
天然气公司,124.7
三角岭新村,124.7
南穴村,124.7
车骑山村,124.7
漓渚镇中心小学,124.7
万寿街29号1幢,124.7
祝岙村,124.7
万达中央华府,124.7
姜家园,124.7
朱公湖10幢,124.7
珠溪村,124.7
下蔡岙村,124.7
渍新食品,124.7
亲亲家园,124.7
恒忆大厦,124.7
唐天竺村,124.7
东龙针纺织印染公司,124.7
海亮外国语学校,124.7
宝业集团柯西统包三组,124.7
五平村大市聚支局统包一组,124.7
春风公寓南区,124.7
古月宾馆,124.7
中成公寓,124.7
东南景园,124.7
梁巷居委会,124.7
岑草园,124.7
浣纱北路66号,124.7
棠一村福全漓渚统包二组,124.7
谢家庄村,124.7
梅渚三花股份,124.7
华星村,124.7
横街西园北,124.7
金冶熔练厂,124.7
宝山工业园区,124.7
丽都苑,124.7
柱嵩村大唐支局统包四组,124.7
孝义村,124.7
时代香格里拉,124.7
西蜀埠村,124.7
张家葑村,124.7
宕头村,124.7
八宿屋村,124.7
镜湖村养猪场,124.7
快阁苑吟春坊,124.7
里王村,124.7
滨海景苑,124.7
高远村,124.7
五爱幼儿园,124.7
月丽大厦,124.7
罗东公寓(统包三组),124.7
朱巷村,124.7
盛陵村,124.7
张家庄村,124.7
恒联锦苑,124.7
上百万和城,124.7
福东花园西区,124.7
市府,124.7
福全村,124.7
东豪新村,124.7
丰江周村,124.7
金星村,124.7
皇马工业区,124.7
越兴家园,124.7
振通新村,124.7
朝阳路城南大桥至城南大道段散户楼群,124.7
吴高坞村,124.7
荣马路,124.7
谷来三村,124.7
春蕾民工子弟学校,124.7
马店新村,124.7
樟家田村,124.7
鑫港小区,124.7
南源,124.7
周小朋-商客经理,124.7
佳源广场,124.7
新昌县南明街道路办事处,124.7
新联兴纺织,124.7
盛岙村,124.7
西湖桥村,124.7
漓渚村福全漓渚统包一组,124.7
王勇-政企经理,124.7
新昌南明小学,124.7
五洲钢构,124.7
华宇纸业,124.7
三丰村,124.7
梦景园小区,124.7
金碧园,124.7
滨河花园,124.7
大鞍银村,124.7
亭西村,124.7
县前街,124.7
快阁苑丽日坊,124.7
屹男大厦,124.7
官河横路2,124.7
浙江鸿华实业有限公司,124.7
汽车站,124.7
傅家埭工业区,124.7
北五区,124.7
长龙岗村,124.7
凤鸣山庄,124.7
朗莎尔服饰,124.7
安昌老街,124.7
职教中心,124.7
后堡村,124.7
合新村三江统包十三组,124.7
永杰电子,124.7
山隐新村东区,124.7
滨江壹号,124.7
大香林,124.7
古城村,124.7
唐家弄,124.7
回竹山村,124.7
钟楼新村,124.7
文锦苑,124.7
海富大厦,124.7
贝得药业,124.7
视南村,124.7
万商京都,124.7
花园岭,124.7
嵊州中学,124.7
红升景园,124.7
东方花园,124.7
城西电信局,124.7
檀渎村,124.7
邮电综合楼,124.7
西湖头村,124.7
石壁湖,124.7
昌峰宿舍大楼,124.7
鹿湖庄,124.7
亭山工业园区,124.7
金三角居委会,124.7
柯桥区旅游局,124.7
建设新村,124.7
金磊贸易有限公司,124.7
人医宅,124.7
柯南新街河沿,124.7
清华名家,124.7
三江村,124.7
革新村,124.7
安家湖村,124.7
栅溪村,124.7
双溪村,124.7
西郊干警宿舍,124.7
未落网格,124.7
龙华精细化工,124.7
北辰大厦,124.7
镜湖时代,124.7
前孟葑村,124.7
东山花苑,124.7
新合,124.7
日月集团,124.7
新兴苑,124.7
大安村,124.7
塔山村委,124.7
星明村,124.7
上虞火车北站,124.7
中意工业园,124.7
新东村,124.7
康为电子,124.7
裕民泵站,124.7
王家埭村,124.7
甘棠路口,124.7
江南之星,124.7
胜利村,124.7
银街商务街,124.7
张铭迪-商客经理,124.7
未落网格,124.7
辕门新村南区,124.7
宋家墩村,124.7
上虞滨海新城,124.7
江萍华-政企经理,124.7
桃源村,124.7
左于村,124.7
云泰家园,124.7
建设局,124.7
越西新村,124.7
新风工业园区,124.7
冷水村,124.7
官墅小学,124.7
田山村,124.7
阳嘉龙村,124.7
东南路光交,124.7
润和购物中心,124.7
化工园区西区北,124.7
牛角湾,124.7
中石化大楼,124.7
中央美墅,124.7
东安二区,124.7
岭光空地,124.7
邮政局,124.7
凯奇制衣,124.7
仙湖路219号,124.7
菲达一品,124.7
投醪河路散户楼群,124.7
塔山文化广场,124.7
白云小区,124.7
太平山村,124.7
江田村,124.7
罡龙纺织,124.7
福田花园,124.7
大道西路202号,124.7
孙岙村,124.7
下应村,124.7
新昌康尔石油液化气公司,124.7
华都清华苑,124.7
人民南路178弄,124.7
鱼湖山村,124.7
联新村,124.7
西湖村城西支区统包五组,124.7
九曲弄,124.7
尚巷村,124.7
新昌电力大厦,124.7
南津路,124.7
大石岭村,124.7
银城新村,124.7
阳光花园,124.7
工商银行,124.7
怡创印染,124.7
平阳,124.7
秀水苑,124.7
贾家村,124.7
盐仓娄村,124.7
举坑村,124.7
梁湖工业区,124.7
道士岙村,124.7
开元村,124.7
客运中心,124.7
越州化纤,124.7
前赵工业区,124.7
华墟社区,124.7
越秀里3幢,124.7
高南村三江统包十组,124.7
机电厂,124.7
渌洲山庄,124.7
湖镜嘉苑,124.7
耀江花苑,124.7
玉兰花园柯北统包六组,124.7
上高里,124.7
后墅坊东区,124.7
贤家村,124.7
水岸名府,124.7
后金山村,124.7
盛兆坞三村,124.7
上小余村,124.7
南江枫林,124.7
雄风小百货(嘉城梓苑),124.7
嘉丰大厦,124.7
江南一品,124.7
拔茅村拔茅支局统包四组,124.7
浣东北路95号,124.7
未落网格,124.7
双剑纺织,124.7
坂湖景园,124.7
玩石村,124.7
联兴村钱清统包五组,124.7
电力公司,124.7
海角寺枫桥支局统包二组,124.7
体育馆,124.7
未落网格,124.7
弪利防渗胶,124.7
大鱼山工业区,124.7
剡港印染,124.7
德盛汽车,124.7
中鑫花园,124.7
湖荫村,124.7
孙熠-政企经理,124.7
茅家村,124.7
城西新开发区,124.7
勤联村(崧厦统包三组),124.7
锦瑞苑,124.7
型塘工业园区,124.7
荣御上府,124.7
工商银行宿舍,124.7
里东村,124.7
北门新村1－47幢,124.7
白马湖村,124.7
东西城村,124.7
宾舍村,124.7
东张村,124.7
大市聚村大市聚支局统包一组,124.7
鑫海大厦,124.7
中联村(道墟统包四组),124.7
三都村,124.7
澄潭中学,124.7
鱼得水美食城商业广场,124.7
环保监测局,124.7
云溪村,124.7
三联村,124.7
绍兴天下观澜苑,124.7
湖西,124.7
红庄村,124.7
赵石新村,124.7
安昌综合市场,124.7
轻纺城棉混纺织品市场,124.7
南坂娄村,124.7
丁严王村,124.7
龙湾府,124.7
东圃社区2统包三组,124.7
天成花园,124.7
西杨龙村,124.7
湖滨新村,124.7
天工开墅,124.7
湖东景园北区(中梅嘉苑),124.7
金溪坑村,124.7
柳岸村,124.7
华舍外来人口居住区,124.7
水岸香堤,124.7
未落网格,124.7
坤和建设售楼部,124.7
祭坛后,124.7
东方润园,124.7
坯布市场,124.7
朱凯-政企经理,124.7
文理学院南山校区,124.7
东街村,124.7
鸟山新村,124.7
乐园二区,124.7
红旗村,124.7
南明新村,124.7
紫金花园,124.7
在建小区,124.7
东蔡,124.7
新八字桥,124.7
罗门幼儿园,124.7
国际物流中心,124.7
中意纺织,124.7
大潘村儒岙支局统包一组,124.7
三江西街,124.7
枫江村,124.7
向日葵,124.7
棣山村,124.7
三江园区1,124.7
路工村,124.7
双侯村,124.7
齐村,124.7
华惠苑,124.7
上虞法院,124.7
金柯一号,124.7
鼓山新村59/128/132幢,124.7
天时苑,124.7
茶亭岗村,124.7
恒源建材,124.7
国邦兽药厂,124.7
鸿鼎华庭,124.7
中泰华府,124.7
漓铁选矿,124.7
西庄废旧金属市场,124.7
沥海居委会(沥海统包五组),124.7
大唐轻纺城市场,124.7
卧龙二村,124.7
嵊州市公安局,124.7
新昌规划局,124.7
许家埭村,124.7
凌盛大厦,124.7
联华村,124.7
蔡林村(华镇支局),124.7
强口村,124.7
越峰大厦,124.7
永成,124.7
章黎村,124.7
富绅大厦,124.7
成发豪庭,124.7
浦口开发区,124.7
南三村,124.7
中成公寓,124.7
鹏越公司,124.7
蝴蝶谷,124.7
人力资源大楼,124.7
笛扬路146-148号,124.7
都市枫林,124.7
黄勇明－商客经理,124.7
板桥工业园区,124.7
玉兰国际大厦,124.7
苎萝新村25幢,124.7
儒岙工业园区2号,124.7
灵凤新村,124.7
世贸中心,124.7
外陈牌头支局统包五组,124.7
沁芳名苑,124.7
芦山村,124.7
后溪村,124.7
斜桥弄,124.7
相公殿社区1,124.7
赵龙汽配,124.7
新星花园,124.7
江夏村,124.7
龙山,124.7
无极服饰,124.7
越星村,124.7
咸亨佳苑,124.7
江滨花园,124.7
新驿亭村,124.7
三江公寓,124.7
东大池小区,124.7
若耶溪,124.7
海亿纺织,124.7
东晶佳苑,124.7
湄池老集镇,124.7
紫荆花园,124.7
马山村,124.7
新兴村,124.7
余家口村,124.7
孔雀城,124.7
永宁村,124.7
庄头小学,124.7
苎萝二村,124.7
兴华路,124.7
后山村,124.7
江伟提花厂,124.7
阮港村兰亭统包二组,124.7
沁雨园,124.7
和成？园,124.7
西城花苑,124.7
朝辉路,124.7
花园新村西区,124.7
陈家门,124.7
永利大厦,124.7
薛家弄,124.7
头甲公寓,124.7
小小名谭,124.7
巨鼎机械,124.7
金桂苑,124.7
方兴和园,124.7
丰树坪村,124.7
商敏-商客经理,124.7
天然家纺,124.7
前旺塘村,124.7
西苑村,124.7
黄坛村,124.7
财富大厦,124.7
赵四小区,124.7
绍兴电瓷厂,124.7
鲁溪闸村,124.7
钱华铁皮,124.7
任庄村,124.7
曹娥江大闸,124.7
绢纺厂城中支局统包七组,124.7
望湖花园南区,124.7
天华机械,124.7
新昌张氏骨伤医院,124.7
东江银湾,124.7
君悦大厦,124.7
新上海花园,124.7
恒达工业园区,124.7
长诏村,124.7
郑军-政企经理,124.7
天马大厦,124.7
丰惠工业区,124.7
柯桥街道社区医院,124.7
新昌国贸大酒店,124.7
征天印染厂,124.7
官桥村,124.7
开元一村,124.7
阮庙新村,124.7
浙江娜芙纳富有限公司,124.7
港越南区,124.7
陈家开发区,124.7
上三溪村,124.7
耀菩公寓,124.7
中兴公寓,124.7
金龙客车,124.7
社古村,124.7
瓜渚旺角,124.7
大坝新村,124.7
红鲍村,124.7
张家岙村,124.7
秋实公寓,124.7
兴南村,124.7
高彦岭村,124.7
夏相村,124.7
琅珂村,124.7
城东分局,124.7
淀荡畈,124.7
国际大厦,124.7
陶家埭村,124.7
鲁西村,124.7
元岙村,124.7
华丽化纤,124.7
东浦村东浦统包二组,124.7
鞋城,124.7
碧村公寓,124.7
白花村,124.7
时华村,124.7
大发布业,124.7
光宇集团,124.7
四海小学,124.7
胜达纺织,124.7
新茗村,124.7
兴华利纺织,124.7
水墨澜庭,124.7
金丰村,124.7
总工会大楼,124.7
大道西路300号,124.7
鉴水人家四期,124.7
润通印染,124.7
长乐三村,124.7
乐苑新村柳园,124.7
姚邵畈村,124.7
新昌财政大楼,124.7
莲河桥9号园林宿舍,124.7
五村,124.7
何家山头村,124.7
诸氏方圆,124.7
迎丰印染,124.7
人和家园,124.7
建管局,124.7
永和家园,124.7
新上泉村,124.7
大象公园,124.7
财源大厦,124.7
童家塔安置小区,124.7
大明颐泽苑,124.7
宏大美安居,124.7
扎箕坞村,124.7
紫阆村,124.7
柯西桥,124.7
滨江中路16号,124.7
香郡园小区,124.7
鹰翔染整有限公司,124.7
马家村,124.7
华能商城(湖滨花园),124.7
日月集团住商楼,124.7
秋瑾公寓,124.7
清和园,124.7
吴墅村,124.7
越剑纺机集团,124.7
泰坦集团,124.7
消防队,124.7
图书馆,124.7
八方商务楼宇,124.7
南鹰纺织印染,124.7
横路村,124.7
艮塔东路168号,124.7
钱莹莹-政企经理,124.7
袍江工商分局,124.7
高平村,124.7
望江二路12号,124.7
贝嘉制衣,124.7
桂花苑,124.7
润和南岸花城西区,124.7
大洋山村,124.7
夏宫豪庭,124.7
东联村,124.7
桥里村,124.7
上虞消防大队,124.7
恒申紧固,124.7
自来水公司宿舍,124.7
渔家渡村,124.7
东张村,124.7
镇南新村,124.7
楼下村,124.7
上虞城南统包七组,124.7
临城二村,124.7
红星玛卡龙,124.7
联合村,124.7
八方纺织,124.7
灵芝镇山泉村,124.7
伟丰印染,124.7
金家岙村,124.7
浣江路2号,124.7
瓜渚湖公园,124.7
北富民街,124.7
都泗门,124.7
相公殿社区2统包二组,124.7
上朱花苑,124.7
新毛家,124.7
桃源居,124.7
富四村,124.7
星洲商务楼,124.7
三合村,124.7
恒盛纺织,124.7
五合村,124.7
神鹰颐明园,124.7
姚海琴-政企经理,124.7
横桥村,124.7
柯北轻纺市场,124.7
龙浦村,124.7
马岭村,124.7
花厅,124.7
丰岛花园,124.7
力博稽山庄园丹桂苑,124.7
新大洋村,124.7
力博苑,124.7
丰盛纺织,124.7
徐山村,124.7
求杓湾村,124.7
仁让堰二期,124.7
华风住商楼(新风园、独山针纺厂),124.7
新昌西郊中学,124.7
开源路工业区,124.7
永浈纺织厂,124.7
富顺纺织,124.7
南马路1,124.7
萝山新村,124.7
湖田村,124.7
滨江1号,124.7
龙凤花苑,124.7
友谊村,124.7
娄家村,124.7
顾家荡村,124.7
乐爱工艺品厂,124.7
翔宇绿色包装,124.7
盛兆坞二村,124.7
碧水苑西区,124.7
希望包装厂,124.7
郭家居委会,124.7
柱峰村大唐支局统包四组,124.7
新民村,124.7
轻纺城集团,124.7
文理学院河东校区,124.7
王江英-商客经理,124.7
润都建筑,124.7
春江花苑,124.7
青山头工业园区,124.7
雷特宏针纺,124.7
潘永冠-客户经理,124.7
万晟悦府,124.7
陈埠村,124.7
望湖新村,124.7
则水牌,124.7
鉴湖新村东区,124.7
水业大厦,124.7
天工集团,124.7
里坂村,124.7
半山小区东,124.7
北直街258号等,124.7
官河里1,124.7
石璜村,124.7
家天下广场,124.7
月潭公寓,124.7
天际大厦,124.7
绍兴银行,124.7
丁龙村儒岙支局统包一组,124.7
上八洋村,124.7
寨岭村,124.7
御景华庭,124.7
人民医院,124.7
前王村,124.7
新昌城关中学,124.7
霞里村,124.7
百兴花园,124.7
老制药厂,124.7
汽车东站,124.7
香莲公寓西区,124.7
新东方家园,124.7
大溪村,124.7
解放湖工业区,124.7
河山建材市场,124.7
绍兴文理学院上虞分院,124.7
广陵村,124.7
辕门新村中区,124.7
越府名园,124.7
崇安里,124.7
儒二村儒岙支局统包一组,124.7
瑞林毛纺,124.7
邮电印刷厂,124.7
兰亭村兰亭统包三组,124.7
胜利公寓,124.7
新东坞村,124.7
高尔夫,124.7
在建小区,124.7
绍兴港,124.7
城市花园,124.7
和泰小区,124.7
海亮集团,124.7
嘉和苑,124.7
开化村,124.7
鉴湖镇南闲物业农贸市场,124.7
委宛山风景区,124.7
余渚三力士厂,124.7
汇源公寓,124.7
中里村,124.7
永乐村,124.7
石岭村,124.7
里家溪村,124.7
柯桥人防办,124.7
美女山庄,124.7
翰林府,124.7
江滨市场楼上,124.7
华舍工业园区,124.7
湖田,124.7
华欣大厦,124.7
波磊涂料,124.7
飞亚印染,124.7
万安,124.7
余渚局后工业园区,124.7
蔡家湾村,124.7
舜皇山庄,124.7
宝业花园,124.7
杰龙玻璃,124.7
浦东村,124.7
官华村,124.7
香江名邸,124.7
若耶紫竹园,124.7
联亚公司,124.7
柯岩工业园区,124.7
西堰村,124.7
何家祠堂,124.7
潜溪村,124.7
中嘉银泰花园,124.7
壁玉村,124.7
东浦坊,124.7
坝口村,124.7
利华村,124.7
星源大厦,124.7
钢材市场,124.7
华舍村(解放村),124.7
若水村,124.7
天海包装,124.7
前园村统包三组,124.7
华宇医院宿舍,124.7
怡江花园,124.7
粮食局,124.7
东坝墩,124.7
万达广场南区,124.7
康盛纺服,124.7
风华苑,124.7
佳杰服饰,124.7
鎏庄,124.7
瓜渚湖公寓,124.7
好望大厦,124.7
剡城公寓,124.7
东江宾馆,124.7
体育场,124.7
海亮社区湄池高中,124.7
雄风新天地,124.7
万都豪庭,124.7
新世纪广场,124.7
兴越农贸市场,124.7
健康路,124.7
秦望村,124.7
赵家新村,124.7
柯桥小学明珠校区,124.7
长乐开发区,124.7
金鑫花苑,124.7
旺泰小区,124.7
远洋针织,124.7
金地阳光,124.7
娄宫村,124.7
文蜂弄茶厂宿舍,124.7
嵊州市城乡规划设计所,124.7
寺下,124.7
华联商贸城,124.7
雄盛纱业,124.7
一百,124.7
后山根村,124.7
泉岗村,124.7
森海豪庭香樟园,124.7
三圆石化,124.7
姚王,124.7
办证中心,124.7
大明翰泽苑,124.7
纪元五金,124.7
安昌绿叶印染厂,124.7
颐和雅苑,124.7
新城华府,124.7
五丰村,124.7
钦寸水库,124.7
轩亭口,124.7
吉盛祥针纺印染,124.7
相公殿北路1号小区,124.7
小越工业区,124.7
日本汤姆斯,124.7
御和园,124.7
毛纺二村,124.7
鹭鸣山庄和风苑,124.7
卫生局,124.7
羽毛球馆,124.7
东进纺织,124.7
环山西路39#,124.7
新未庄,124.7
渡江花园,124.7
缸山村,124.7
国庆个私工业园区,124.7
淦坑村,124.7
称海龙盛工业区,124.7
洞桥新村南区,124.7
风机厂,124.7
谢岙村,124.7
中实大厦,124.7
新官桥村,124.7
上蔡村,124.7
金汇纺织,124.7
天地永和,124.7
城隍坊社区1,124.7
步森花园,124.7
霞丽安华支局统包四组,124.7
港航管理局,124.7
书圣故里住宅小区,124.7
金建巨-商客经理,124.7
武警支队,124.7
东圃上三线旁统包十组,124.7
东圃上三线旁统包十组,124.7
广场新村,124.7
国际大酒店,124.7
何洪江-政企经理,124.7
金昌美院,124.7
肖金居委会,124.7
上沙村,124.7
银达百货,124.7
阳光苑,124.7
贵门村,124.7
市司法局,124.7
老火车站,124.7
北海西村,124.7
西叶村,124.7
体育公园,124.7
上竹村,124.7
唐家坪村沙溪支局统包二组,124.7
北四区,124.7
银滩花园,124.7
禾润服饰,124.7
杜联村,124.7
一帆电器有限公司,124.7
前盛陵,124.7
景都花园,124.7
檀府,124.7
溪后村,124.7
嘉诚服饰,124.7
绍兴东浦财经学院,124.7
绍兴县新宇漂染有限公司,124.7
青甸湖小区塘湾坊,124.7
小善村,124.7
金裕村,124.7
夏兰制衣有限公司,124.7
越通宾馆,124.7
朱枫涛-政企经理,124.7
城东三村,124.7
和合光伏,124.7
西子公寓(二期),124.7
剡湖派出所,124.7
颐景园,124.7
宝华和天下,124.7
祥源花园,124.7
未落网格,124.7
汇馨湾,124.7
永和酒业有限公司,124.7
银星村,124.7
开元大酒店,124.7
绍钢二村,124.7
华清公寓,124.7
茶叶城,124.7
大潘村儒岙支局统包二组,124.7
山水人家,124.7
滨江北路16号,124.7
陈宇-政企经理,124.7
华东国际珠宝城,124.7
稽东移民小区,124.7
涂山小高层,124.7
三桥村,124.7
北庄路16号,124.7
天府大厦,124.7
天工华庭,124.7
枫一村枫桥支局统包一组,124.7
黄酒城,124.7
沈丽君-政企经理,124.7
天昊印染,124.7
梅东村,124.7
下南庄村,124.7
黄让坞村,124.7
沈茹新村,124.7
罗门公园,124.7
新昌新康医院,124.7
三友村,124.7
移动，电信营业厅,124.7
亚太新村,124.7
九州花园,124.7
凤凰公寓,124.7
陶堰玻璃厂,124.7
越韩科技,124.7
九七丘工业区,124.7
瑞金医院,124.7
断河头,124.7
金瓯公寓,124.7
三江园区3,124.7
青马村富盛统包一组,124.7
张家,124.7
汽车仪表厂,124.7
湖畔春秋,124.7
庄前村,124.7
夏威夷风情,124.7
永信村,124.7
下曹村,124.7
暨东村,124.7
综合楼二期,124.7
余芬-政企经理,124.7
滨笕湖景豪庭,124.7
罗村,124.7
道墟镇东工业区,124.7
同乐下村,124.7
江滨北路,124.7
梁家山社区,124.7
恒宇塑胶,124.7
万达华府,124.7
宇展印染,124.7
草塔镇小,124.7
永联村,124.7
新昌自来水总公司,124.7
鸿运包装机械有限公司,124.7
高木加油站,124.7
店口广电站,124.7
文理外教楼,124.7
实验小学,124.7
东门社区,124.7
新昌经济服务中心,124.7
城隍坊社区3,124.7
市公共交通集团,124.7
王朝大酒店,124.7
荷塘月色,124.7
新昌县农业银行,124.7
汇锦家园小区,124.7
新斗门村,124.7
张蒋村,124.7
赵大牛-商客经理,124.7
青山,124.7
王家村,124.7
安昌镇政府,124.7
水产口,124.7
大爱纺服有限公司,124.7
宏城瑞香园,124.7
蒿东村,124.7
前三村,124.7
四通机械,124.7
康宁乐苑,124.7
城北工商所,124.7
开元二村,124.7
东湖村,124.7
前门山新村,124.7
马村,124.7
嘉和越秀花园,124.7
怡景花苑,124.7
枫桥新农工业区,124.7
上下西岭村,124.7
孟庆莎-政企经理,124.7
新昌皮尔公司,124.7
金鸡山村,124.7
温馨布业(红山芋),124.7
红星村,124.7
大昌市场,124.7
广科药业,124.7
御河湾,124.7
涂山花园,124.7
江南北路,124.7
报社印刷厂,124.7
绿城玫瑰园栖霞苑,124.7
新里港村(道墟统包三组),124.7
金城宾馆,124.7
丰江周,124.7
福门南村19幢,124.7
环卫所,124.7
双梅小区玫瑰苑,124.7
钟楼北村,124.7
杨树畈安置小区,124.7
柯岩高尔夫会馆,124.7
舒家村,124.7
贤辅村,124.7
大佛桥,124.7
王家塔村,124.7
高山移民小区,124.7
梅湖公寓,124.7
友仕服饰,124.7
蔡家江村,124.7
嵊州市电信分公司,124.7
威仕达机电科技,124.7
戴天明-政企经理,124.7
越州公寓,124.7
联江村,124.7
下山新村,124.7
坑西村,124.7
滨海小学,124.7
方家汇,124.7
亚太药业,124.7
庙川村,124.7
仁里王村,124.7
翡翠公馆,124.7
企成公司,124.7
塘下赵村,124.7
青龙村东浦统包五组,124.7
日月花园,124.7
岳岭村,124.7
白泥塘村,124.7
长虹闸村,124.7
山西村工业区,124.7
棠棣村,124.7
轻纺大厦,124.7
金家井,124.7
蒋科女-商客经理,124.7
大众公寓,124.7
润和南岸花城东区,124.7
平水农贸市场,124.7
东乐公寓,124.7
笛福新村,124.7
华颐南山郡,124.7
西朱村,124.7
红山村,124.7
太子苑,124.7
屋沿坑村,124.7
百花庄园,124.7
闹水村,124.7
故江村,124.7
县地税局,124.7
俞国栋-政企经理,124.7
桃园村,124.7
民政局,124.7
枫江家园,124.7
大桥路越都置业,124.7
大树江小区北区,124.7
凤村,124.7
侠父村,124.7
小溪村,124.7
鹅境西区,124.7
日月集团总部,124.7
天池苑北区,124.7
马山镇政府,124.7
仙境花苑,124.7
东丰坑村,124.7
西丁村,124.7
丁墟村,124.7
凤联村,124.7
望云路,124.7
绿苑宾馆,124.7
步森集团,124.7
中医院,124.7
新区村,124.7
思贤制药,124.7
许凌燕-政企经理,124.7
怡兰轩农贸市场,124.7
祥生君城小区,124.7
镜湖莲庄,124.7
梅渚村,124.7
新叶家埭村(南湖统包三组),124.7
丰富村,124.7
宝善桥村,124.7
新一,124.7
绍兴中专,124.7
新魏村,124.7
天马水处理厂,124.7
中国银行,124.7
三保里村,124.7
兰馨公寓,124.7
王家,124.7
水沟营,124.7
方泉村,124.7
帝景花园,124.7
屏坞,124.7
腾达印染,124.7
寿颖颖-政企经理,124.7
城管粮管所,124.7
中医院,124.7
青山绿景苑,124.7
阮四村,124.7
暨南新村,124.7
上石演村,124.7
若耶溪公寓,124.7
越欣数码,124.7
东桃村农民公寓,124.7
科技局,124.7
假日大酒店,124.7
坑里村,124.7
新昌卫生局,124.7
富泰机械,124.7
双保大厦,124.7
华强机械,124.7
园里湖居委会,124.7
金兰村,124.7
新昌职教中心,124.7
中华,124.7
西华瑶村,124.7
坝头山村,124.7
工农三苑,124.7
牌头农校,124.7
金井贴膜科技,124.7
绅越大酒店,124.7
财政局,124.7
西王村,124.7
韩浜村,124.7
丁龙村儒岙支局统包二组,124.7
福源村,124.7
城中市场楼上,124.7
五洲大厦,124.7
申佳服饰,124.7
小将中学,124.7
万国中心,124.7
树人幼儿园,124.7
前璜村,124.7
上显潭村,124.7
轻纺市场南,124.7
白沙地别墅区,124.7
福全镇中心小学,124.7
舜江路口工业区,124.7
留田村,124.7
和平村,124.7
三通园,124.7
东江小区,124.7
星城大厦,124.7
大山庄村,124.7
三鑫石化,124.7
横岗村,124.7
北门社区,124.7
金星村,124.7
越发纺机,124.7
美佳热电,124.7
实验小学,124.7
振涯集团,124.7
大越期货,124.7
曹家洋村,124.7
芙蓉大厦,124.7
自来水公司,124.7
南湖村,124.7
东方名都,124.7
红枫岭村,124.7
秀峰村,124.7
新昌瑞和度假村,124.7
丰兴村,124.7
华帝印染,124.7
徐萍-政企经理,124.7
张市村,124.7
庆丰村,124.7
东山王村,124.7
工商局,124.7
鹤池苑24、45、56幢,124.7
李盈盈-政企经理,124.7
新昌中孚燃气有限公司,124.7
鳌东村,124.7
宝盛厂房,124.7
杨梅山村,124.7
计生站,124.7
霞丽安华支局统包四组,124.7
金马轴承,124.7
道口,124.7
忽都村,124.7
万丰化工,124.7
湖东景园东区(大?嘉苑),124.7
下朱部村,124.7
梅川小区,124.7
东方大厦,124.7
寺东新村,124.7
雄鹰村,124.7
文山村,124.7
永乐路3号,124.7
沥海工业区,124.7
官湖桥村,124.7
苍岩村,124.7
江边绿化带,124.7
溪滩村,124.7
迎恩府,124.7
焦碳市场,124.7
教工路,124.7
艇湖别墅,124.7
东江编织,124.7
越大纺织,124.7
古竹院村,124.7
工贸商务大楼,124.7
崇柱村应店街支局统包三组,124.7
镜湖村,124.7
赐富化纤,124.7
孚家湖村,124.7
华光居委会,124.7
车一村,124.7
金海湾大酒店,124.7
东昌苑,124.7
吉水坑,124.7
梅林雅苑,124.7
洋渔山村,124.7
兰亭国际公寓,124.7
杭州大厦,124.7
安平里,124.7
郭女-商客经理,124.7
南环汽修,124.7
观音弄,124.7
长桥直街,124.7
新城批发市场,124.7
第二商业街,124.7
勤业东街商住楼,124.7
江河大厦,124.7
次坞开发区,124.7
甘一村,124.7
文体新村,124.7
徐家工业园区,124.7
江东菜场,124.7
安华,124.7
县宏福印染有限公司,124.7
绍兴大厦,124.7
吉利新村,124.7
陈飞燕-政企经理,124.7
莲花心村,124.7
曲山居委会背后山地,124.7
北七区,124.7
梅坑村,124.7
杭湾时代苑,124.7
紫晶花园,124.7
祝家庄村拔茅支局统包一组,124.7
东宸国际大厦,124.7
斗门机房,124.7
牌头城新村,124.7
百大公寓,124.7
九板桥村,124.7
袁川村,124.7
花田村,124.7
美兰公寓,124.7
汤浦村,124.7
城南机房边,124.7
新型建材,124.7
古筑村,124.7
市府(暨阳街道),124.7
会稽村,124.7
天威电器,124.7
新昌福利院,124.7
下田村,124.7
金时代广场,124.7
河山桥社区,124.7
永通国贸,124.7
东林村,124.7
临江绿苑,124.7
缇香园,124.7
龙江村,124.7
原卫校,124.7
柯西局,124.7
朱家岙村,124.7
滑雪馆,124.7
金溪村,124.7
凤山支路小区,124.7
肇圃村,124.7
越爱居委会,124.7
龙德阀门,124.7
名都苑,124.7
松下工业区,124.7
城南电信分局,124.7
范村,124.7
豪门花都,124.7
平川路二弄,124.7
京东方新厂,124.7
飞天艺术幼儿园,124.7
东街菜场,124.7
绿色照明,124.7
运管所,124.7
金星纸业,124.7
未落网格,124.7
雄峰集团,124.7
恒世缘服饰,124.7
运河人家虹桥坊,124.7
三洲村,124.7
谢家塘村,124.7
昌隆大厦,124.7
越王峥村,124.7
东圃别墅区,124.7
新龙实业,124.7
西皇村,124.7
人民中路口,124.7
巡特警,124.7
俞贯村,124.7
陈夏谢村,124.7
华夏纺织塑胶,124.7
华都科技,124.7
正大装饰商城,124.7
开发区人民大桥北,124.7
松陵村,124.7
世海村,124.7
畜牧中心,124.7
七里江畔,124.7
王家安新村,124.7
原宫后村,124.7
友邦胺纶,124.7
海森纺机,124.7
东兴村,124.7
坦程钢构,124.7
南明二村,124.7
檀宫,124.7
大白浦村,124.7
诸暨中专,124.7
东方花园,124.7
水果批发市场,124.7
嵩湾村,124.7
作揖坊,124.7
五指山,124.7
秋湖村,124.7
七星小学,124.7
钊信机械公司,124.7
安华村,124.7
灵芝镇后诸村,124.7
小小大酒店,124.7
水出坂村,124.7
姚宫村,124.7
横下村,124.7
南苑花园,124.7
王家葑村,124.7
美东新村西区,124.7
阳光新村,124.7
县法院,124.7
制药三村,124.7
安昌派出所,124.7
邦德涂料公司,124.7
徐慧婷-政企经理,124.7
新昌飞凤纺织股份公司,124.7
文萃苑,124.7
城西信用社,124.7
子和村,124.7
建材市场,124.7
阳光庭院,124.7
新昌县教师进修学校,124.7
九三丘工业区,124.7
诸阳村应店街支局统包一组,124.7
泌湖村,124.7
恒利新村东1区,124.7
廖宅村,124.7
下洋村,124.7
嵊州市新医院,124.7
陆海物流,124.7
中纺新天龙,124.7
新对旗山村,124.7
二溪村,124.7
郭叶柏村,124.7
联胜村,124.7
元培小学,124.7
禹陵公寓,124.7
天佳总部大楼,124.7
福全工业园区,124.7
绢纺二村,124.7
禹峰村,124.7
盛都花园北,124.7
柯东农贸市场,124.7
步行街北,124.7
新光药业公司,124.7
南风苑,124.7
惠日桥散户楼群,124.7
崇仁四五村崇仁统包三组,124.7
米兰公寓,124.7
三村居委会,124.7
滨海新城工业区中,124.7
富民坊,124.7
双周小区,124.7
上海城,124.7
铁丘山,124.7
国贸中心,124.7
海讯大楼,124.7
坑下村,124.7
昆仑国际,124.7
五洋花园,124.7
国土大厦,124.7
云天食府,124.7
文理学院镜湖校区,124.7
农房澜山,124.7
桥对岸村黄泽统包七组,124.7
立功村,124.7
康运来羽绒服饰,124.7
新天洋厂房,124.7
北岙村,124.7
王家宅村,124.7
北市场北1区F区,124.7
元城大厦,124.7
西园村,124.7
未落网格,124.7
越秀里2幢等,124.7
晋都苑,124.7
保罗洲际大酒店,124.7
凤山居委会城东支局统包十八组,124.7
泗水桥,124.7
北市场北2区,124.7
下联村,124.7
蔡家畈,124.7
五灶村,124.7
汇同电缆厂,124.7
风光大酒店,124.7
奥迪汽车销售中心,124.7
维也纳国际酒店,124.7
金高椅村,124.7
凤山路400号,124.7
宝业小区,124.7
龙骧园,124.7
振兴南路,124.7
蒲岱,124.7
越华新村,124.7
新横塘村,124.7
兴浦村,124.7
市富强针织厂,124.7
高城头,124.7
青山工业园区,124.7
吕家村次坞支局统包四组,124.7
万丰宿舍,124.7
杭金七村,124.7
兴联村农民公寓,124.7
江东路98号,124.7
运输公司,124.7
开义村,124.7
电信仓库,124.7
宁远塔桅制造,124.7
罗东公寓(统包四组),124.7
唯声科技,124.7
山水名家璞园,124.7
湖都花园,124.7
四峰村(上浦统包一组),124.7
张家沥村,124.7
挂帘山村,124.7
滨海商业中心,124.7
马山周转房,124.7
莫家娄自然村,124.7
越隆工业园区,124.7
徐潭村,124.7
里四村,124.7
汽车北站,124.7
府学弄金刚庙前散户楼群,124.7
柯岩街道,124.7
金湖湾,124.7
袍江公安局,124.7
兴越南区,124.7
昶城名都,124.7
嵊州大厦,124.7
真诏村沙溪支局统包一组,124.7
同方豪生,124.7
街亭加油站,124.7
缪银瓶-政企经理,124.7
翡翠湖村,124.7
鲁迅小学,124.7
罗北新村,124.7
耀江江东公寓,124.7
灵山坞村,124.7
华隆纺织厂,124.7
海湾公寓,124.7
城北电信局,124.7
下中西村城东统包二组,124.7
南瑞实验学校,124.7
鹤池苑70、86、99幢,124.7
山下湖村,124.7
大龙市场,124.7
章老虎-政企经理,124.7
大叶池小区南区,124.7
夜宵城,124.7
江丰村,124.7
留下庄村应店街支局统包六组,124.7
县水利大楼,124.7
秦望花园,124.7
交投大楼,124.7
大步村福全漓渚统包二组,124.7
里睦桥居委会,124.7
宏康小区,124.7
伊美置业,124.7
小舜江村,124.7
盛龙纺织厂,124.7
飞腾机械,124.7
冷轧厂,124.7
甘三村,124.7
龙皇塘住宅,124.7
西山村大市聚支局统包三组,124.7
全翔包装,124.7
段家汇空地,124.7
镜中园,124.7
毓秀苑,124.7
黄金时代大厦,124.7
叶村,124.7
吕家埠村,124.7
越秀里1,124.7
蓝天新都,124.7
高旺村,124.7
贤仕花园,124.7
枫泽园,124.7
凤江花园(别墅),124.7
铭盛苑,124.7
忠兴印染,124.7
土谷庙村,124.7
中兴公寓,124.7
惠风和畅商务楼,124.7
安全路,124.7
原双双袜业集团,124.7
渔网厂,124.7
白杜坞村,124.7
上虞舜杰大酒店,124.7
后岸村拔茅支局统包四组,124.7
越府大厦,124.7
县电视台,124.7
科旺纺织,124.7
世纪广场,124.7
曹娥街道办事处,124.7
流岭村,124.7
暖谷山村,124.7
伟丰印染,124.7
新昌袜厂,124.7
东家坑村,124.7
五里亭城东支局统包区十七组,124.7
寺坞坪,124.7
塔溪村,124.7
横山村,124.7
建辉,124.7
新择湖村,124.7
海跃工艺品,124.7
永福床罩,124.7
绍兴市中级人民法院,124.7
松下中学,124.7
上余(统包三组),124.7
攒宫村,124.7
名人广场,124.7
福庆村,124.7
马大王村,124.7
领带城,124.7
无名皮塑集团,124.7
青山头村,124.7
海港大酒店,124.7
花木城,124.7
巨枫时装,124.7
龙马酒店,124.7
建材市场,124.7
柯东蔬菜基地,124.7
丽都小区,124.7
锦江丁香园,124.7
滨江花园,124.7
绍兴经贸学校,124.7
银都花园,124.7
城南新村小区,124.7
越剑大厦,124.7
皋埠镇中,124.7
烟草物流,124.7
滨江小学,124.7
月池坊,124.7
杜家村,124.7
百丽恒印染,124.7
保佑桥直街,124.7
安山村,124.7
戚山村,124.7
五合村,124.7
盈丰纺织,124.7
兴华小区,124.7
金色水岸,124.7
海远园区,124.7
财税大楼,124.7
国际摩尔城雍景园,124.7
越兴社区,124.7
锻压城,124.7
夏履桥镇政府,124.7
大坂风情,124.7
里蒋村,124.7
金地格林,124.7
铁甲营,124.7
知春苑,124.7
前后朱村,124.7
远景铝业有限公司,124.7
城东小学,124.7
龙山村,124.7
唐皇苑南区,124.7
滨海花园,124.7
信用合作银行城关支行,124.7
孙郭村,124.7
柏舍村,124.7
苎萝新村12幢,124.7
稽山公园,124.7
绿城小区留云苑,124.7
安华镇中,124.7
滨江花园,124.7
水漾人家,124.7
麒龙起重机公司,124.7
畜牧场,124.7
中央华府(第一期),124.7
章家山新和成宿舍,124.7
东亚工程玻璃,124.7
兰亭村兰亭统包四组,124.7
新下湖村,124.7
丽都四季花园,124.7
华海科技有限公司,124.7
恒美生态家居馆(安华路东边),124.7
拗花村,124.7
教师进修学校,124.7
中国机电城,124.7
府山饭店,124.7
茅坪村,124.7
唯尔福纸业,124.7
枣园村,124.7
陶堰村,124.7
贤盛工贸园区,124.7
恒汇鼎园,124.7
袍江财税分局,124.7
街亭,124.7
城上城,124.7
枫林村,124.7
天洁宾馆,124.7
飞帅针织,124.7
征天大厦,124.7
兴美达,124.7
丁香苑,124.7
沃洲逸郡酒店,124.7
白洋村,124.7
沈村,124.7
冠山村,124.7
五龙岙村,124.7
前王村,124.7
四峰村(上浦统包四组),124.7
沙地村,124.7
惠余,124.7
鹿山公园,124.7
多仁村,124.7
恒昌集团,124.7
皋埠镇人民政府,124.7
金奇瑛-政企经理,124.7
恒春纺织,124.7
海亮三园,124.7
外小将村,124.7
永乐路2号,124.7
汽车城,124.7
亲亲家园,124.7
嘉业化工,124.7
前双盆村,124.7
生田村,124.7
广丰商务楼,124.7
东桑村,124.7
里庄村,124.7
同润服饰公司,124.7
越州医院,124.7
范凤仙-商客经理,124.7
银兴社区,124.7
徐琳-政企经理,124.7
任枫村,124.7
里联村,124.7
华堂村,124.7
后史村,124.7
国际摩尔城颐景园,124.7
漓渚老街口,124.7
三江大厦,124.7
浦阳江一号,124.7
江南名都,124.7
世茂名流大厦,124.7
高速收费站,124.7
山南村商住楼,124.7
洋湖,124.7
水口村,124.7
福安布业,124.7
城东工业区,124.7
森海豪庭牡丹园,124.7
大鱼山村,124.7
全堂村,124.7
下潘村,124.7
钱江商务楼,124.7
检察院,124.7
朱尉村绍兴城东瓦窑头统包组,124.7
丰泽嘉园,124.7
古塘村,124.7
下礼泉村,124.7
治水广场,124.7
笛扬商苑,124.7
新世纪小学,124.7
牌头派出所,124.7
王家市村,124.7
新世纪花园,124.7
西郊花园,124.7
骆家葑村,124.7
瓜渚景园,124.7
袁家新村,124.7
锦江饭店,124.7
大阪旺角,124.7
金山公寓,124.7
龙山望府,124.7
沥山湖村,124.7
宇华公司,124.7
园驾桥别墅区,124.7
华平村,124.7
灵芝镇大庆寺村,124.7
城西二苑9幢光交,124.7
立新农贸柯北统包二组,124.7
盛都公寓,124.7
亚厦阳光假日,124.7
楼家村,124.7
萧山中纺城,124.7
锦绣苑,124.7
安吉里1,124.7
联宜针织,124.7
黎明村,124.7
润泽大院,124.7
云里村,124.7
职教中心(原鉴湖中学),124.7
新昌广电局,124.7
市公安局,124.7
王立锋-商客经理,124.7
建设银行,124.7
点金照明,124.7
奇牌,124.7
崇柱村应店街支局统包一组,124.7
梅园新村,124.7
凤凰山庄,124.7
殿南村,124.7
鹤琴幼儿园,124.7
镜湖管委会,124.7
越泉社区,124.7
原茶叶市场,124.7
肇湖村,124.7
华舍老局,124.7
滨海花园,124.7
汪家桥村,124.7
江东路96弄13号,124.7
斗门小学,124.7
白马工业区,124.7
石门村,124.7
新昌县人民法院,124.7
东盛精密,124.7
宜南村,124.7
吕家村次坞支局统包四组,124.7
苎萝一村3幢,124.7
大塘村,124.7
东门村,124.7
延锋伟汽车仪表公司,124.7
蕺山小学,124.7
妇幼保健院,124.7
新江新村,124.7
尤家村,124.7
夏泽村,124.7
锋旗针纺,124.7
市燃料总公司煤场,124.7
轻纺城高级中学,124.7
蓝天玫瑰园,124.7
高湖头村,124.7
警察培训学校,124.7
东郡园,124.7
崇仁六村,124.7
轻纺城体育中心,124.7
洙凤村,124.7
海山村,124.7
黄塘岭村,124.7
下司巷,124.7
新发纺织印染,124.7
杨翠伟-政企经理,124.7
严坑新村,124.7
乐苑新村桃园,124.7
秦岩村,124.7
东上湖村,124.7
新丰村,124.7
三江东街,124.7
瑞信经贸,124.7
红十字医院,124.7
汪王村,124.7
潘韩村,124.7
春江花月,124.7
联社村,124.7
工业开发区,124.7
陈家岙村,124.7
关湖,124.7
伍堡畈村,124.7
城北小学,124.7
西横河新村4区,124.7
上高村,124.7
同康村,124.7
新篁村,124.7
马村,124.7
白马新村,124.7
金秋纺织,124.7
白鹭金滩桃花园,124.7
柯桥中学,124.7
五金城店口支局统包四组,124.7
市委党校,124.7
申华服饰,124.7
宋家店村,124.7
松明培村,124.7
招龙桥村,124.7
万都商业中心,124.7
艺术村,124.7
湖安村,124.7
马菊田村,124.7
嵊州剧院,124.7
沈凤燕--政企经理,124.7
森海豪庭郁金园,124.7
上下宅村,124.7
东圃幼儿园,124.7
东远装饰市场,124.7
宁桑村,124.7
海神印染,124.7
平阳山,124.7
七星一村,124.7
大湾染织有限公司,124.7
艮塔东路6号,124.7
应山居委会,124.7
天姥广场,124.7
金都豪庭,124.7
黄石村,124.7
孔乙己食品,124.7
新昌水电局,124.7
小昆村,124.7
向阳村,124.7
开三村,124.7
阮家村,124.7
艮塔东路41号,124.7
卧龙新村,124.7
赵家居委会(城北部分),124.7
横阔村,124.7
广厦新村,124.7
精工大厦,124.7
东湖模块局,124.7
展诚吴庄,124.7
迎丰小学,124.7
方家桥村钱清统包二组,124.7
舍子桥,124.7
鉴湖村,124.7
双梅小学,124.7
状元新村,124.7
滨海新城海涂中,124.7
泗龙苑,124.7
稽山一品,124.7
书香锦苑,124.7
矿亭,124.7
型塘村,124.7
祝家庄拔茅支局统包五组,124.7
时代大厦,124.7
路特丹卫浴,124.7
老县府宿舍,124.7
试弄,124.7
李西村,124.7
亚魁居委会,124.7
春波弄,124.7
南街村,124.7
南门村,124.7
叶家堡村,124.7
单均芬-商客经理,124.7
清潭村,124.7
东升路二期市场,124.7
县技术监督局,124.7
水木清华,124.7
山下周村,124.7
越香家园,124.7
风笛洲小区,124.7
合为针织,124.7
梅苑村,124.7
昌安家园,124.7
科强服饰,124.7
群贤村,124.7
华宇天庭,124.7
翠苑小区,124.7
鹿山路口,124.7
盛世钱门,124.7
开普特氨纶,124.7
越星汽车,124.7
渔村村,124.7
稽东电信局,124.7
宋佳美-政企经理,124.7
楼中楼大酒店,124.7
四联村,124.7
江山会,124.7
梅市水庄东区,124.7
渡江路煤场区,124.7
东三村,124.7
金天得,124.7
运河人家会龙坊,124.7
索密克,124.7
永胜新村,124.7
三花悦庄,124.7
加油站,124.7
越秀花园,124.7
张溪村,124.7
中墅村,124.7
国资公司工业园区,124.7
长潭街村,124.7
江龙印染,124.7
图书馆(明珠广场),124.7
姚卜丁村,124.7
九峰寺村,124.7
国隆工具,124.7
三王村,124.7
泰港花园,124.7
霞越村,124.7
吕岙村,124.7
中友纺服贸易,124.7
东街台角,124.7
拔茅工业园,124.7
高泾村(东关统包二组),124.7
查村,124.7
诚信达针纺,124.7
谷来二村,124.7
继昌幼儿园,124.7
洋渎,124.7
油嘴油泵厂,124.7
天成印染针织,124.7
西子宾馆,124.7
结局山村,124.7
得能路小企业,124.7
金都御景,124.7
晋盛家园,124.7
康宁新村,124.7
卧龙天香华庭,124.7
联谊村大酒店,124.7
绍兴市交警支队,124.7
鹤池苑7幢,124.7
城西加油站,124.7
公交公司,124.7
沙溪村沙溪支局统包二组,124.7
江家娄公寓,124.7
汇艺针织,124.7
城市之星,124.7
金汇大厦,124.7
潘汪莉-政企经理,124.7
金色蓝庭,124.7
东山吴,124.7
柏悦大厦,124.7
龙西村,124.7
六村开发区(托运市场),124.7
桌山村,124.7
文化创意产业园,124.7
御景华庭1-36幢,124.7
蔡堰公寓,124.7
下岩贝村,124.7
新昌县客运中心,124.7
甘棠村,124.7
金三角村,124.7
新洋村,124.7
天元国际大厦,124.7
红星美凯龙,124.7
未落网格,124.7
姣里村,124.7
新宅里,124.7
华舍中学,124.7
甲青村,124.7
香格里拉,124.7
江桃村,124.7
大马坞村,124.7
轻纺城大酒店,124.7
马家庄村,124.7
东宅村,124.7
红星村,124.7
雅庄村,124.7
城东新和成,124.7
洁丽雅会所,124.7
轻纺贸易中心北区,124.7
义峰村,124.7
儒一村,124.7
梅林山村拔茅支局统包五组,124.7
银塔路,124.7
龙州纺织,124.7
锡安山园林机械,124.7
幸福村,124.7
新昌制药,124.7
西城景苑,124.7
延安路430-432号散户楼群,124.7
江南路37号,124.7
五金建材市场,124.7
清枫雅苑,124.7
碧水南苑,124.7
平水国税局,124.7
碧海家园,124.7
中富花苑,124.7
秀水花园,124.7
安家渡村,124.7
旧坞村,124.7
一建公司宿舍,124.7
守陵村安置房,124.7
双良公司,124.7
祝家坞,124.7
燃气调度控制中心,124.7
横街西园南,124.7
满天红住宅小区,124.7
新任村,124.7
东山村,124.7
财富中心,124.7
万盛化工,124.7
世纪广场,124.7
钱清镇中心小学,124.7
原马铁厂,124.7
海盐村,124.7
蔡江公寓,124.7
育英路,124.7
海成化工,124.7
岭北周村,124.7
朱尉村绍兴城北统包十四组,124.7
河浮村,124.7
南岩小学,124.7
蓬山村,124.7
绿剑,124.7
东浦村东浦统包三组,124.7
甘霖新村,124.7
城北中小学,124.7
义源村,124.7
绍兴商城,124.7
新县府,124.7
金晖大厦,124.7
横板桥村,124.7
大道东路263号,124.7
二绸印染分厂,124.7
景苑小区,124.7
舜江花园,124.7
天衣工业园区,124.7
北艇路33号,124.7
杨望村,124.7
许碧莹-政企经理,124.7
办证中心,124.7
永泰望湖大酒店,124.7
金湾国际,124.7
世博家具广场,124.7
天马学校,124.7
三花不二,124.7
稽山宾馆,124.7
上联村,124.7
澄潭卫生院,124.7
木栅桥公寓,124.7
玉屏村,124.7
丁斗弄社区,124.7
诸中村,124.7
南京联谊大厦,124.7
鸿迪大厦,124.7
济渡村,124.7
恒利新村西3区(茅家新村部分),124.7
岩泉村,124.7
新建村,124.7
凤凰村,124.7
新南村,124.7
五洋桥工业园区,124.7
朗诗国际,124.7
大湾村,124.7
桥头,124.7
城南小学,124.7
绍兴县第六纺织厂,124.7
柱峰村大唐支局统包九组,124.7
张建龙-政企经理,124.7
丰瓦村澄潭支局统包五组,124.7
雅张村,124.7
东湖庄园南园,124.7
双桥新村,124.7
盾安机械厂,124.7
建功中学,124.7
开元大酒店,124.7
家禽交易市场,124.7
星星港湾,124.7
上浦工业区北,124.7
前陈村,124.7
新楼下居委会,124.7
老市场,124.7
立新印染,124.7